"y","x1","x2","cluster"
"0",-0.229756440399047,-0.157875659717643,1
"0",-0.0697153457760879,0.0514298439417804,1
"0",0.371620837096204,0.390095367056891,1
"0",-0.0589562001927464,0.41768392842818,1
"0",-0.090772588122528,-0.00679478224950325,1
"0",-0.265342965693813,0.214961607027976,1
"0",0.00658189730991137,-0.0489239295589213,1
"0",-0.0569388273417889,-0.244441759226801,1
"0",0.366005579648751,-0.0133299353736749,1
"0",-0.0846221460003366,-0.00822514591945188,1
"0",0.444821363923891,0.383570313317637,1
"0",-0.00122587297880176,-0.219332751547109,1
"0",0.0605444561538133,-0.130439917339632,1
"0",0.373782292551913,-0.0721857171784047,1
"0",-0.110443268786918,0.355467330974268,1
"0",-0.130147999719975,-0.155199158821848,1
"0",-0.0966916005056945,-0.126501821822142,1
"0",-0.0656357347179268,0.0353467295034611,1
"0",-0.436394474695502,-0.335910036418939,1
"0",-0.218084683480629,-0.376979408510446,1
"0",0.0555834845646222,-0.246268378803547,1
"0",-0.0191931930650584,-0.010499523095532,1
"0",-0.180979902481117,0.472904810420494,1
"0",-0.0116596954179261,-0.061954026761556,1
"0",0.347152833218769,0.449217018520666,1
"0",-0.0317730212945277,-0.254165652879347,1
"0",-0.12997370887383,-0.128399932614322,1
"0",0.255109894575759,0.098696902052035,1
"0",-0.236915225030466,0.05364091036952,1
"0",0.187742017087526,-0.0231943487992958,1
"0",-0.0679155007527539,-0.399342717047809,1
"0",-0.129992902962435,-0.117414734954726,1
"0",-0.0655535124034513,-0.330552179025307,1
"0",-0.0156360872332669,0.296951520154434,1
"0",-0.348937837253198,0.129257584775762,1
"0",-0.236613872201281,0.0801087821241812,1
"0",-0.0327544479058587,-0.196863264857076,1
"0",0.204511565836866,-0.149028152324902,1
"0",0.340337063144344,-0.186150363456322,1
"0",-0.438687242299546,0.221492054865077,1
"0",0.0393538436173187,0.169754569768019,1
"0",0.357366506394662,0.0939123902143938,1
"0",0.0123096176311123,-0.0222686472086421,1
"0",0.0408666298791751,0.33362726333964,1
"0",0.346452106323918,0.125806574200623,1
"0",0.0162874207810893,-0.118222873944369,1
"0",-0.0605262010706776,-0.0657080452053554,1
"0",0.315240821917025,0.0417202584754444,1
"0",-0.0699035346922312,0.155102922831511,1
"1",0.252475307353632,0.149968008852337,1
"0",-0.357457892486212,-0.114500547646533,1
"0",-0.175845649627044,0.0496429718943477,1
"0",0.250173699020465,-0.0921416358476774,1
"0",0.341357684571967,-0.314750357069203,1
"0",0.0787936909018627,0.146792590193289,1
"0",-0.126468301448325,0.0450809002454504,1
"0",-0.0223115888764796,0.252641669743562,1
"0",0.118995162100276,-0.274825563107335,1
"0",-0.276482231159803,-0.388672785205723,1
"0",-0.0928277152714488,0.128964513410745,1
"0",-0.0362378688401365,-0.0178045569740963,1
"0",-0.0781513843534805,0.0563042992928531,1
"0",-0.109238138235333,0.0115258307043341,1
"0",0.076760067388001,-0.176354374566342,1
"0",-0.142904529956088,0.151025136516341,1
"0",-0.0745416631088079,-0.0546921837465905,1
"0",0.276512546000702,-0.199432374267374,1
"0",0.0218823958632926,-0.106551071404607,1
"0",-0.122312683255829,-0.110238360757345,1
"0",0.0994512474629309,0.34608774598252,1
"0",-0.458662698375466,0.0833533129230082,1
"0",0.00891007425060191,0.00543022376669526,1
"0",0.156356533003794,0.0551896661376789,1
"0",-0.0135603996160377,-0.146758031430855,1
"0",0.288942521045269,0.17898669091775,1
"0",0.0914345224335315,0.0440191960791044,1
"0",-0.341046357268815,-0.00784927657614872,1
"0",-0.41612745274905,0.033671512885452,1
"0",-0.0459982179740544,-0.0657525719510334,1
"0",0.184950922439288,-0.303283265460533,1
"0",-0.0422441723732011,-0.0387822199942697,1
"0",0.0712573546356699,0.337938939360371,1
"0",-0.164928501352121,-0.10100523218148,1
"0",0.0436893936255083,0.48035253264904,1
"0",0.391615282421562,-0.0470892838543312,1
"0",-0.082739068693394,0.247983166079344,1
"0",0.291407232003673,0.277746105158797,1
"0",0.205991919901542,0.211266138023916,1
"0",0.0100081114303967,-0.193291485507744,1
"0",0.266689522908201,0.25512460146756,1
"0",-0.285674103162119,0.140712461917861,1
"0",0.205016851306748,-0.0256097006423944,1
"0",0.0219465624687148,0.178441783236172,1
"0",0.546939353225821,0.306186251771799,1
"0",-0.511714293995265,0.114227619422286,1
"0",0.208762769442784,-0.204176981542818,1
"0",0.139526349581858,-0.154051310688641,1
"0",-0.261859742659065,-0.099176038623916,1
"0",0.0994929307121042,-0.0198647449806616,1
"0",-0.0547759496810561,0.0753443206371889,1
"0",-0.0363066391299109,0.118587374514388,1
"0",0.0760990727607417,0.112624841283029,1
"0",-0.155499307822721,-0.0912460819763077,1
"0",0.191800055630535,0.0285672848831586,1
"0",0.16145456982556,-0.0373228194799132,1
"0",-0.23398826135811,-0.226914035453011,1
"0",0.23770947473267,-0.182226211138662,1
"0",-0.189791294336185,-0.103876370882885,1
"0",-0.240622205037026,0.0148212634540839,1
"0",-0.31554530071437,-0.208949854818366,1
"0",-0.307710081773965,0.329244294630019,1
"0",0.168382425640984,-0.119651543864163,1
"0",0.0733471121394517,0.383975964683492,1
"0",0.35067935827047,0.0643873318922761,1
"0",0.202382740579782,0.352745664085969,1
"0",0.719940010581642,-0.278869121727429,1
"0",0.11930156452586,-0.131940484320374,1
"0",-0.130164572246228,0.034486912478198,1
"0",0.106049118742213,0.116437655762009,1
"0",0.377345974288002,0.330231225243028,1
"0",-0.294628348106244,-0.0345529736651026,1
"0",-0.077324090012553,-0.067575653008358,1
"0",0.36043575747409,0.0916425592594413,1
"0",0.216919031608054,0.0476635748434374,1
"0",0.0177602207577794,-0.0541900598951823,1
"0",-0.201230062669922,0.229500051997753,1
"0",-0.0290259692869513,0.212740983707105,1
"0",0.0621375233154919,0.159226347576538,1
"0",-0.242804049101734,-0.213006967356295,1
"0",-0.0254094194284234,0.380665338377391,1
"0",0.107505968232084,-0.205760567730263,1
"0",0.134826339816643,0.0635773269277849,1
"0",-0.00298513284366113,-0.135915624881058,1
"0",-0.042465493828374,0.1066577390349,1
"0",0.390808226997004,0.178941804011499,1
"0",0.2223939216033,0.128694061210165,1
"0",-0.329352822916063,0.17547312786484,1
"0",-0.0553649275853361,-0.129313119632389,1
"0",-0.140980843184633,0.113711292056331,1
"0",0.0055529304473718,-0.239417092690333,1
"0",0.0691001576602308,0.16930244842865,1
"0",0.498687355748358,0.159369339928145,1
"0",-0.0223774667306453,0.00841221615845012,1
"0",0.236494625205362,0.153957040989624,1
"0",-0.0025695215490852,0.217185917873447,1
"0",0.143492091769621,-0.0168752130654912,1
"0",0.094423026865922,0.135570854665939,1
"0",-0.246231518798512,-0.17584019368668,1
"0",0.147733234664746,0.224816854871741,1
"0",-0.206967554566309,-0.0301055906102467,1
"0",-0.196558752437608,0.0491659590248881,1
"0",-0.0533514028642247,0.304486345966556,1
"0",-0.0446910756268576,0.304428395878697,1
"0",-0.0540397098449834,0.00134775128850184,1
"0",0.208234778010137,-0.136528938045875,1
"0",-0.348452839400023,0.021946774492174,1
"0",0.0786122796398279,0.258831402527052,1
"0",-0.114759711862083,-0.087305077254664,1
"0",-0.385828369083522,-0.0927455795949497,1
"0",-0.0376039649485596,-0.149014798729079,1
"0",-0.0272046842966613,0.213000153599076,1
"0",-0.202889540884581,-0.56279461346265,1
"0",0.160157837383005,0.0943423859397422,1
"0",-0.0879744019655637,-0.11672347106057,1
"0",0.348635801542897,-0.149916504545265,1
"0",0.177942203129298,-0.0624336770870768,1
"0",0.295930938622807,0.0795829110154908,1
"0",-0.248923552287053,0.0365099287727984,1
"0",0.0226305146377156,0.0185126912858842,1
"0",-0.0807137132706802,-0.1174360505444,1
"0",-0.252938784190439,0.231759975509622,1
"0",0.0544262465172384,-0.268841022879561,1
"0",0.103857664845789,-0.0874394267428822,1
"0",-0.0351132338903046,-0.0487741390618257,1
"0",0.077734149719926,-0.234414538364294,1
"0",-0.105442846343413,-0.134584376030491,1
"0",0.430170643397506,-0.0272009984423383,1
"0",0.0869300851750164,-0.285128318842015,1
"0",0.00680169553870259,-0.215057121108243,1
"0",0.208231167180529,0.0268616747035121,1
"0",-0.100921027841113,0.184636176449419,1
"0",-0.378714369475169,-0.232293358292792,1
"0",-0.309444314445393,-0.0168278756584839,1
"0",-0.225208527090109,-0.150390588894255,1
"0",-0.137516326281654,-0.0593071083849686,1
"0",-0.0263369855581253,0.10635840503664,1
"0",0.41119319326905,4.11197304963379e-05,1
"0",0.0289158419582554,0.0605125615595427,1
"0",0.154149709341513,0.0533799337685794,1
"0",-0.17603048614678,0.073357550156436,1
"0",0.160756471323335,-0.0552042898841734,1
"0",0.201968163186253,0.192460142857224,1
"0",-0.0617142073361269,-0.601929200384837,1
"0",0.14487999176409,-0.357852289197972,1
"0",-0.0750784026187042,0.34694696929359,1
"0",0.0494002351367079,-0.256701095935413,1
"0",0.027532850972474,0.2058082361978,1
"0",-0.116881473520163,-0.035024819108623,1
"0",-0.0656825233531071,0.215192060617389,1
"0",-0.197049565991869,-0.158649083700589,1
"0",-0.0399803539266586,0.355921550699672,1
"0",-0.25392084328333,-0.0590516585245599,1
"0",0.185628460006812,0.11143929691824,1
"0",-0.0547827706183168,0.00669384306104341,1
"0",0.373208098266434,-0.145967425609441,1
"0",-0.0414620760851433,0.0365279670789615,1
"0",0.493184172203784,0.34810275483272,1
"0",-0.152601814708763,-0.0121130019977946,1
"0",-0.394333861794578,-0.2003090791834,1
"0",-0.235281659994162,0.0565106070963225,1
"0",-0.00516366215692036,0.00217228190334806,1
"0",0.109094415823463,0.280182753368592,1
"0",-0.186379464536138,0.134267636954809,1
"0",-0.197379788165397,-0.147014581599078,1
"0",-0.282930054273411,0.166860586075624,1
"0",0.134927341162092,-0.104557836201325,1
"0",-0.0618807181711153,0.039557260114568,1
"0",-0.0506373133852435,-0.101302564694765,1
"0",-0.22693718705403,0.26275181009545,1
"0",0.0883213417053509,0.543608032778837,1
"0",0.125705260656123,0.269581660619064,1
"0",-0.211328489476267,0.24105115218363,1
"0",-0.0837634306321406,-0.173165972524573,1
"0",0.362422714287238,0.448641885603786,1
"0",-0.171431320508566,0.00731793173541292,1
"0",-0.20869627479293,-0.10316946398343,1
"0",0.142374095091271,-0.0582408044855099,1
"0",0.0183949667460836,0.387939100725928,1
"0",0.212079766613652,-0.410576967272541,1
"0",-0.118670574646777,-0.0253724931708252,1
"0",-0.177187929196516,-0.182792067310198,1
"0",0.0477835693604538,0.233644962375656,1
"0",-0.261251486533266,-0.0582322788330737,1
"0",0.128680568500963,0.0577249888736605,1
"0",-0.198680194650636,-0.0364162982235412,1
"0",0.0664006163921287,0.157896764311336,1
"0",0.00950955317028977,-0.0396677302727138,1
"0",-0.209651766988365,0.0957246272427327,1
"0",0.0153510458136742,-0.279632842018575,1
"0",-0.210659975167549,-0.0127204903874815,1
"0",0.265627615232084,0.315859959839728,1
"0",0.196739576057834,0.26249399932031,1
"0",-0.326279215491581,0.127801366036051,1
"0",0.359013401004009,-0.0392136332746544,1
"0",0.241694935422924,-0.188807855459709,1
"0",0.079409511911233,-0.0380639094309083,1
"0",0.00603921592486288,-0.36976205772583,1
"0",-0.169048902440295,0.191117564610452,1
"0",-0.298645559408575,-0.107921988817792,1
"0",-0.0463124426645094,-0.0359447754251661,1
"0",0.124712007173806,-0.212810691838716,1
"0",-0.0947638753251077,0.35537650749061,1
"0",0.114763000076203,0.0883762237144747,1
"0",-0.0770409379990181,0.212182262662996,1
"0",0.0714566415360726,0.0924189963657274,1
"0",0.0756137599281487,-0.139701027328375,1
"0",-0.0741975431267843,0.0504487953938434,1
"0",0.106241180441364,-0.0877382752722806,1
"0",-0.226625930674748,-0.420027252957275,1
"0",0.122510687440192,0.0346093181883342,1
"0",-0.201970592223818,0.0263904431736597,1
"0",-0.258074889001628,0.0725518517652188,1
"0",-0.332949587060282,-0.0166397740576509,1
"0",0.0371730988541936,0.22194340106646,1
"0",0.229540416280956,0.223734392641907,1
"0",-0.125685452959095,-0.0494686389960951,1
"0",0.13474917428948,0.0508255726816743,1
"0",-0.104492888876385,-0.119089794717294,1
"0",-0.102184145891734,0.185846220120199,1
"0",-0.00823408126887664,0.290986386190719,1
"0",0.0917905240917332,0.0303336372283824,1
"0",-0.181564920813231,0.092083383762632,1
"0",0.351483344730009,-0.126441283289119,1
"0",0.0036794409845864,0.253709510691565,1
"0",0.104495443705044,0.161176409480726,1
"0",-0.123313803377185,-0.051088392440037,1
"0",-0.0153515061273147,-0.028940497293837,1
"0",0.0654424622259077,-0.313850852193884,1
"0",0.152965280729095,0.293645338907478,1
"0",0.110084687593731,0.147275851380953,1
"0",-0.113312507990861,-0.15846643680078,1
"0",0.114734935183332,0.00182299176250418,1
"0",-0.017568320036643,0.0738667248583568,1
"0",-0.0443203220176872,-0.0867962101002498,1
"0",-0.182500512639563,0.00574133815099166,1
"0",0.170497568246587,-0.0478542456963446,1
"0",-0.43013326880461,-0.056626273823246,1
"0",0.06254925560155,-0.456682328773841,1
"0",-0.120668387998049,-0.00106104899065333,1
"1",-0.128013048706516,-0.0669579370505782,1
"0",-0.00962530396635398,-0.109456906355073,1
"0",-0.0326195064310419,-0.288222886160195,1
"0",-0.128332491153075,0.067113123481308,1
"0",0.420125498210554,-0.0225200359152589,1
"0",0.295750362183752,0.0234785036219467,1
"0",-0.293423126578834,0.270483497276005,1
"0",-0.0957445568455082,-0.112080064294012,1
"0",0.101800824572964,0.00619989325517581,1
"0",-0.187210132675971,-0.22646188162725,1
"0",0.229778282977247,-0.344174635021662,1
"0",0.127718654972441,0.033730441477437,1
"0",0.172379757515476,0.0323162616704311,1
"0",0.0777505032097441,0.00845159095701524,1
"0",0.281858395586577,-0.0596653950697264,1
"0",0.42270463588141,-0.402487369555981,1
"0",-0.165619294327195,0.0535278863719069,1
"0",0.0183582732623909,0.0602346517894342,1
"0",0.0876876199534205,-0.0612665954737568,1
"0",-0.0591023330928876,-0.306205903666979,1
"0",-0.0430379062255288,-0.249750615811542,1
"0",-0.349373118716321,0.0760749774159331,1
"0",0.0802983390067916,0.331886142201799,1
"0",-0.0368366252963967,5.73469993945368e-05,1
"0",-0.237751990389408,0.241950265423112,1
"0",0.165473087151876,-0.13972921590654,1
"0",0.211243132968944,-0.113161624168193,1
"0",0.051186090422777,-0.0432878020242225,1
"0",0.0192987024810724,0.292876511114801,1
"0",-0.0593006401954004,-0.00778236160618349,1
"0",0.184551223714133,-0.0585095237170111,1
"0",-0.0649750816205527,-0.188517437435,1
"0",0.151273778130574,-0.202667522323833,1
"0",0.206773619489408,-0.211888185646456,1
"0",0.00742963790220044,0.222541662181427,1
"0",-0.0698910736130521,0.220305484525001,1
"0",0.0117683842446937,-0.132307645878191,1
"0",-0.352003645196126,-0.244367522163125,1
"0",0.142906060857138,0.568311564571894,1
"0",0.00277764900594517,-0.37902155506267,1
"0",0.248747028873619,0.150350673621578,1
"0",0.219592225139284,0.153881135281563,1
"0",0.46784822346195,0.0431374659507911,1
"0",-0.204885317548542,-0.291332414080179,1
"0",-0.0144204398038948,0.422424858317357,1
"0",0.0496298046221913,-0.0641882478861081,1
"0",-0.125356685233718,0.107858543337693,1
"0",-0.0939820955356451,-0.0672380814055786,1
"0",0.0401437221937528,-0.0861246213333789,1
"0",0.456057032322026,0.297117300228869,1
"0",0.445113784258309,-0.16844857732422,1
"0",0.0764348244767656,0.0582379810848988,1
"0",-0.270314612045871,0.02063786896183,1
"0",-0.0443889724021556,-0.220691325398508,1
"0",0.351420929198034,-0.227684332635751,1
"0",-0.175790835960295,-0.21899751825146,1
"0",0.544148702405372,-0.113810634794864,1
"0",0.247903418994512,-0.0696827591733885,1
"0",0.111992708324567,0.00140647617742142,1
"0",0.300950317780606,0.290089349641154,1
"0",-0.198725553729339,-0.179385420430103,1
"0",-0.310563588619107,0.287523844486505,1
"0",0.0487702194304964,0.331414789862399,1
"0",-0.120967466919161,-0.0947909388383624,1
"0",0.0750611109209063,0.0908802893404273,1
"0",-0.165662543071981,-0.237093703780716,1
"0",0.181746834645013,0.163904087027725,1
"0",0.0892555781452662,-0.111681290051084,1
"0",0.0420467360255121,-0.130294978723519,1
"0",-0.204635259437184,-0.0692422480704215,1
"0",-0.194734084086535,0.176704683653296,1
"0",0.423722826634093,-0.127332761937652,1
"0",-0.200740901980643,-0.0918119135102597,1
"1",-0.27855606995073,0.222627957944363,1
"0",-0.41155740821257,0.122751590451879,1
"0",0.0881061723518521,0.210452962621558,1
"0",0.204530645602892,-0.170098561876198,1
"0",-0.0814025979511663,0.0514456647691795,1
"0",0.15518685538337,0.198383072945048,1
"0",0.234244184743966,0.0890051991809631,1
"0",0.25108627605302,0.259664502346429,1
"0",0.288582212979499,0.077578408144666,1
"0",-0.295528483460435,0.222025004927086,1
"0",0.0657059689606914,0.269802505370488,1
"0",0.0891410766121435,-0.12113014908114,1
"0",-0.0867255044664464,-0.190779326009974,1
"0",0.0622087003049784,-0.120410606755963,1
"0",-0.0264473181493029,0.275126172337054,1
"0",0.135688938222345,0.0538571068912581,1
"0",0.168967998311253,-0.15122514777964,1
"0",0.100980516969173,0.157855765195663,1
"0",0.343493798847578,-0.0762366068134743,1
"0",0.208051756234654,0.28267492014672,1
"0",-0.00834070477087358,0.184762525072619,1
"0",0.150855891448281,0.147564184949954,1
"0",0.138027021091515,0.0658076999221577,1
"0",-0.226597898463751,-0.0975936507095669,1
"0",-0.314850949304499,0.132170900629976,1
"0",-0.0270104943843879,-0.109422556401356,1
"0",0.23957615979959,0.0898184900706863,1
"0",0.281400993995568,0.0166789152468173,1
"0",-0.0935355441297412,0.101506082230296,1
"0",0.0411404657840926,-0.0472472571620859,1
"0",0.344834610888231,-0.313132020950661,1
"0",0.0437087216472438,-0.0226323784765765,1
"0",-0.230883566873238,-0.087862703710393,1
"0",0.153806124086368,0.00809032396338594,1
"0",0.121067026851181,0.284840366143838,1
"0",-0.0726208254795295,0.274928516639267,1
"0",0.0211105899453043,0.182355884082925,1
"0",-0.20132005424182,-0.28859136238182,1
"0",0.0293259267145009,0.0409290227311877,1
"0",0.276356195491437,0.100892555630446,1
"0",0.407419888215028,-0.00447624605743216,1
"0",-0.232743926812876,-0.00878174749862765,1
"0",0.117151936936984,-0.192422577536833,1
"0",-0.384923167174477,0.179294258861062,1
"0",-0.283149456489944,-0.38033221749714,1
"0",0.089022286815249,-0.00744633186389545,1
"0",0.168329808839253,0.0203019966429426,1
"0",0.0655768153167897,-0.115336322744861,1
"0",0.113388196375489,0.236678074451602,1
"0",0.0927682724433786,0.0577586712487902,1
"1",-0.0964215612549091,-0.130156091073753,1
"0",-0.00469761036416456,-0.435455214987271,1
"0",0.145885792269315,-0.260141575493936,1
"0",-0.163268448150456,-0.00213729119472061,1
"0",-0.222933396462824,0.0180263870009901,1
"0",-0.0875607999629791,-0.22447271607247,1
"0",-0.259196576333434,0.257431676653452,1
"0",0.296983173198335,-0.0938655812444954,1
"0",0.247521991027214,0.14559773697393,1
"0",-0.0727571507039838,-0.0133520658836976,1
"0",-0.00670397310392802,-0.408316055812501,1
"0",0.0317767064052693,0.599170489743728,1
"0",0.207708933084992,-0.410388371903515,1
"0",0.491850855092853,-0.0312611266352934,1
"0",0.328786239492364,0.0587597069997194,1
"0",0.084925931359622,0.0738440264001062,1
"0",-0.18091938726525,0.145787820599151,1
"0",-0.0285075735576297,0.0543260321028357,1
"0",0.193765051318852,-0.264328908586498,1
"0",0.364403916195465,0.358707652562908,1
"0",-0.0849266915726649,0.0214248256530787,1
"0",-0.129145425165945,-0.0991765195821497,1
"0",0.0935034754315693,-0.162818304540807,1
"0",-0.036603895307721,0.0647369332222105,1
"0",-0.271148431322828,-0.304788104003779,1
"0",-0.495133140574573,0.255088443651997,1
"0",-0.0816439039100259,-0.116436460616113,1
"0",0.284467553467282,0.00505150871782615,1
"0",-0.168101628977537,0.0888153909305656,1
"0",-0.0501600686338366,-0.442051809891539,1
"0",0.267771650666331,-0.0443020191249567,1
"1",-0.123123403669734,0.092999036242675,1
"0",-0.0818991503435513,0.227778048416833,1
"0",0.165902489511855,-0.0385524097675613,1
"0",0.239475978218693,-0.0572846336261687,1
"0",-0.035469598022707,-0.0885983771514082,1
"0",-0.176506096878162,-0.123422631214429,1
"0",-0.0956465185613314,0.178332851568718,1
"0",-0.151880281798262,-0.130951288283968,1
"0",0.0856513297691091,-0.0406937778550299,1
"0",0.176483433036206,0.0297417307385372,1
"0",0.0433311105286568,-0.056471900139553,1
"0",0.0515686481810087,-0.0601330090818176,1
"0",-0.306020973727589,0.327727775465706,1
"0",0.142915242259587,-0.237978876522745,1
"0",-0.101841910880283,-0.0530491084846666,1
"0",0.124953623849245,-0.0802079482029792,1
"0",-0.11710278859862,-0.0525987671206772,1
"0",0.101006138578307,0.0422180631041483,1
"0",0.205039761492748,0.542923973985308,1
"0",-0.0960777285133378,0.137654757401656,1
"0",0.121824456885738,0.0702518004088837,1
"0",-0.119555101231407,0.241946396219946,1
"0",0.126508926024859,0.156058182576653,1
"0",-0.134236294982132,0.279013019744271,1
"0",0.0252168207285108,-0.0416992086119292,1
"0",0.0626228355872327,-0.0218100537574738,1
"0",0.0293193826990768,-0.0051402605979909,1
"0",0.128352129078501,-0.169125532861354,1
"0",-0.0114892464166185,-0.143047442865974,1
"0",0.0621088982047913,0.132186527832353,1
"0",-0.250728084854528,-0.060601796837035,1
"0",0.0177324103120098,0.0558531182047221,1
"0",-0.447948471661941,0.169424548993176,1
"0",0.0991626968503242,-0.0619068287539443,1
"0",-0.0955421738409878,-0.176636047948496,1
"0",0.044737783371002,-0.0769504089091474,1
"0",-0.436318429159566,0.181637851104405,1
"0",0.114424649389167,0.259072104070889,1
"0",0.105209282810799,0.119559044467171,1
"0",-0.0630675818816289,0.407189091897672,1
"0",0.266330742953168,0.321056887611064,1
"0",0.331017357467322,0.0647651759332677,1
"0",-0.0763377321386904,0.154909786020282,1
"0",0.101995649943542,-0.144690035534915,1
"0",0.186777717382785,0.302076968332238,1
"1",0.000468849339605916,0.192334910396576,1
"0",-0.111583128689638,0.133633149424092,1
"0",-0.0929195445429821,-0.15728025922422,1
"0",0.136359777983289,-0.222913676852588,1
"0",0.236592199261141,0.196984373654353,1
"0",0.342523572878604,0.401209696518835,1
"0",-0.222643875713427,-0.0468166526541562,1
"0",0.0525506497241235,0.0737268823925518,1
"0",-0.131419480212864,-0.201240938849518,1
"0",0.00483652229915831,-0.188915031282031,1
"0",-0.282059049354609,-0.0671041546480482,1
"0",0.118948310610255,0.0148245207150996,1
"0",-0.138449748469976,-0.0580947745643825,1
"0",-0.0837986416276714,0.105850764328136,1
"0",-0.300975019912099,-0.0419532978316014,1
"0",-0.0452335980882324,0.337403400539659,1
"0",0.176641168928252,-0.125996817898309,1
"0",-0.140907832140484,-0.267251124112842,1
"0",0.249339758330741,0.0170114914023315,1
"0",0.0427829047218164,0.291240744362679,1
"0",-0.226041569495642,0.218939614807689,1
"0",0.00376757567561115,-0.070703477205313,1
"0",0.282959868839041,-0.398936025753303,1
"0",0.0390231264923126,-0.305609281394025,1
"0",0.449792018046077,0.378563963103462,1
"0",-0.117307917885155,0.180416180287987,1
"1",-0.134395351452059,-0.0230091273738455,1
"0",0.501476381402567,0.252081706022416,1
"0",0.227156421844572,0.00628319288850505,1
"0",0.109935083989375,-0.0463619136167929,1
"0",0.221626962351354,0.00296572174265537,1
"0",-0.0219784263918417,-0.047389879361233,1
"0",-0.211884367738521,-0.135227014021481,1
"0",-0.34049268970632,-0.139459639996434,1
"0",0.14497173884154,0.0563287640487093,1
"0",-0.0382057417933298,0.187299651681627,1
"0",-0.254002723160493,0.164970402609998,1
"0",0.205301604380284,0.0962768374266307,1
"0",0.215838104594747,-0.219777461662754,1
"0",-0.218384697571205,-0.239917314293237,1
"0",-0.196481932591398,0.388293399588905,1
"0",-0.116515208578057,0.00951505023363887,1
"0",-0.2246154284348,-0.194770646272859,1
"0",-0.0857819197540055,-0.10992450843776,1
"0",-0.17876946903975,-0.006371414663396,1
"0",0.0861407658691776,-0.207595677712042,1
"0",0.190300314368553,-0.277381900214538,1
"0",0.36052545171015,-0.0352413727063236,1
"0",0.280098355928369,0.38005900233295,1
"0",-0.064895139169318,-0.200877055653841,1
"0",-0.251754799668696,-0.183978432534743,1
"0",-0.133824952978791,0.0622754968823233,1
"1",0.00191427748126522,0.0348225420237152,1
"0",-0.167419993849928,-0.0408650149466511,1
"0",0.323652015193394,-0.00247641186996945,1
"0",-0.354175930916125,0.262210757463543,1
"0",0.137962921559881,0.164790855363608,1
"0",0.0329867021769757,-0.0805606814113561,1
"0",-0.017107274255965,-0.146004387561075,1
"0",0.0194321774448427,0.156268960133701,1
"0",-0.0852702244772603,0.116085213147203,1
"0",0.0454887237269482,0.112802531480243,1
"0",0.470767629681722,-0.0438240937597104,1
"0",-0.24343700227,-0.0220001249234069,1
"0",-0.221259208877439,0.124867562488609,1
"0",-0.0776230230686121,-0.054993132398306,1
"0",-0.468463134847863,-0.415852812923574,1
"0",-0.00864424554077658,-0.0971018087043124,1
"0",-0.213353196921433,0.303413301896793,1
"0",-0.00648745725643144,-0.118916904889642,1
"0",-0.110324313094983,0.13876922831521,1
"0",-0.0243756485150876,0.320818116443013,1
"0",-0.0731992769717671,-0.0709469526935856,1
"0",-0.0835663356208378,-0.167331329443555,1
"0",-0.04736934711041,0.0659068818096325,1
"1",-0.411254787642802,0.123767303235675,1
"0",-0.0234319745664297,0.0227390067831662,1
"0",-0.0663412989078185,0.0762128689120493,1
"0",0.0307696617277625,-0.0888166544811986,1
"0",0.295688803493148,0.213768660545301,1
"0",-0.0230044135347301,-0.164922433270947,1
"0",0.110304331573518,0.0292986670797879,1
"0",-0.00275313160692462,-0.303299409389195,1
"0",0.29426742756267,-0.246923474004131,1
"0",-0.202132421200518,-0.203975189537702,1
"0",-0.205021078587791,-0.0148283826255136,1
"0",0.029812429430041,0.00568847845645471,1
"0",0.192309494667194,-0.0159603839303869,1
"0",-0.0237350684856874,0.24309790052351,1
"0",-0.237528793232308,0.326295041431378,1
"0",-0.166214541162997,-0.185007534979966,1
"0",-0.33950253174127,0.00708646666592595,1
"0",-0.296417982959846,0.01589544412838,1
"0",-0.299952664290657,0.187808549454633,1
"0",-0.147261079139578,0.156836719944507,1
"0",0.00223214965766201,0.106384078326781,1
"0",-0.394175202986558,-0.180831423582435,1
"0",0.0865463976729371,0.0623748776665397,1
"0",0.100868506982797,-0.222754672875775,1
"0",0.0694221443974585,-0.0954138721337265,1
"0",-0.27760577246441,-0.154607097998353,1
"0",-0.347590087000377,0.0705209492627153,1
"0",0.0652484945263951,0.389133653454618,1
"0",-0.227461326447033,-0.159116076341509,1
"0",0.150564406643124,-0.239563124118386,1
"0",0.0630817571199752,0.0329643830840872,1
"0",-0.178437838531335,-0.0745721799558509,1
"0",-0.297518670909674,0.152308432426618,1
"0",0.189897809623041,-0.00591795147585121,1
"0",0.122672425932398,0.0155000658286147,1
"0",0.166589958601867,-0.0315731186512211,1
"0",-0.159983568953152,-0.343810190350059,1
"0",0.170272958421489,-0.265427184136781,1
"0",0.251456089752915,0.0447251981208684,1
"0",-0.12413404500733,0.265787797160653,1
"0",0.0489723940929773,0.105885781501388,1
"0",0.0706134639021496,-0.264164445734081,1
"0",-0.538420473368077,0.21381785184729,1
"0",0.136832312568963,-0.20504832401086,1
"0",0.149990888473526,-0.435443262841835,1
"1",0.0896523710913674,0.203460280071448,1
"0",0.00722369296963451,0.280597935879962,1
"0",-0.252691883787716,0.255877052855286,1
"0",-0.0566795031929702,-0.242310872748437,1
"0",-0.180561879758516,-0.166563537801556,1
"0",0.232597533131274,-0.237799169166844,1
"0",0.221451630943008,0.101150084966749,1
"0",0.173470153602426,0.100815641634937,1
"0",0.221456411627065,0.0402641470732184,1
"0",0.00106281798350346,0.117805365556743,1
"0",0.193347046068695,-0.0201196748123882,1
"0",0.176914328873675,0.343465043125588,1
"0",-0.253302300024312,0.0849276837506226,1
"0",0.287410243733547,0.417072181889537,1
"0",0.265457732198777,-0.112264253873121,1
"0",-0.134706468951876,-0.0652118697677768,1
"0",-0.0734212473694944,0.263085722880474,1
"0",-0.249220865013287,0.107135818348621,1
"0",0.0497801266075305,-0.0608246782105412,1
"0",-0.183539531684549,-0.00776411445166638,1
"0",0.205992837061009,-0.176912072074961,1
"0",0.0500158567657539,0.0233494377842656,1
"0",0.29313562833175,-0.460592459867988,1
"0",0.0157275701620735,-0.0478916083529514,1
"0",0.264473497497363,0.18204416888392,1
"0",-0.00980924340898711,-0.373374615038188,1
"0",-0.0237883897480372,0.238097944623274,1
"0",-0.103217472583802,-0.166695537379456,1
"0",0.271422890620301,0.143108900471424,1
"0",0.0657462132550482,0.0752326250243036,1
"0",-0.143700405677746,0.152561302513238,1
"0",-0.076716591418631,-0.237262209988347,1
"0",-0.0024807325792716,-0.0308756094096039,1
"0",0.157124534590179,0.112100787598042,1
"0",0.112833860962444,-0.0743106913219326,1
"0",-0.0723815377107874,0.0282383972388499,1
"0",-0.0280566427945806,0.0274513047982039,1
"0",0.170005982708332,0.120906602133456,1
"0",-0.0122859942343734,0.132476171339523,1
"0",-0.0736031474726958,0.348901115531275,1
"0",0.257013301352744,-0.0607532308192306,1
"0",-0.0861966650507817,-0.0281500736797019,1
"0",-0.167989717508577,-0.478226214248803,1
"0",0.429892060867728,0.126283103050541,1
"0",0.0712648520024671,-0.221538987715216,1
"0",0.0384699503162926,0.10761720804509,1
"0",0.0483857226114127,0.0436565649685961,1
"0",0.199921873413215,0.120835521008177,1
"0",-0.269948340595247,0.235431297906891,1
"0",-0.0986344026237673,-0.00909509692270137,1
"0",-0.0781997914108457,0.187686635502191,1
"0",0.132472152759284,-0.184875791594045,1
"0",0.205078860722602,0.264890203613531,1
"0",-0.11373917496824,0.0239504036257614,1
"0",0.23580615061152,-0.0181746157313492,1
"0",0.260910959654751,-0.151991022336723,1
"0",-0.0205246505001879,0.0802395035209657,1
"0",-0.115924609262277,0.210225074373444,1
"0",0.442701306150095,0.0916486718641199,1
"0",-0.0500545737357479,-0.0332496839926213,1
"0",0.0511426745721679,-0.167944856893,1
"0",0.110170109653014,-0.191201312789328,1
"0",0.0944893986674116,-0.107568647150654,1
"0",0.0987396444114492,0.394509664451333,1
"0",0.0843265802335701,0.137655789205599,1
"0",0.310336305216801,0.210572944061871,1
"0",-0.0156679171376857,-0.222642929856782,1
"0",-0.132657568013495,0.0367784665328436,1
"0",-0.231551937738384,0.271901108325536,1
"0",0.0873105439295186,-0.0578834227924065,1
"0",0.150279716505532,0.230114489394713,1
"0",0.147144467725725,0.0529317331445025,1
"0",0.117470334565571,-0.120377991928254,1
"0",0.0341683566058425,0.201483789672321,1
"0",0.0720306492581647,0.157678448753347,1
"0",0.549293931612117,0.0298512370389134,1
"0",-0.156720831988888,0.267157153451039,1
"0",0.30139549104874,0.104531487696502,1
"0",0.110503071716969,0.0327949981762587,1
"0",-0.000278281242693078,-0.0666964891185459,1
"0",0.0691049706780081,0.148200569958748,1
"0",0.224226845555333,0.156245360066822,1
"0",0.281343035347845,0.168142648975228,1
"0",-0.142756615991935,-0.477193378226349,1
"0",0.0697648949425732,0.180007980694158,1
"0",-0.0551931516137635,-0.268299126998114,1
"0",-0.117734151621486,-0.35376120140926,1
"0",-0.266465506437365,-0.14625019952882,1
"0",-0.28488602631394,0.324897442391097,1
"0",-0.230627847348401,-0.0715939871941715,1
"0",-0.079661457306215,0.310150785087252,1
"0",-0.0215674502155642,-0.0873659703328427,1
"0",0.176364634005594,-0.079673775956707,1
"0",-0.282778692352249,-0.173505536304198,1
"0",-0.121204900625098,0.095418679684866,1
"0",-0.417886640938535,-0.112883956767407,1
"0",-0.195971265187249,0.0255516724940499,1
"0",0.405148746472468,0.217862934532626,1
"0",-0.0388052169320449,-0.367897834368142,1
"0",0.108090605681533,0.140066552805555,1
"0",0.0522999449891825,-0.116475851213851,1
"0",0.266913599823533,0.0739751471639411,1
"0",0.173741298904885,-0.155955812086258,1
"0",-0.0685851712958268,0.317175581974809,1
"0",-0.243852490760942,0.196779125935608,1
"0",-0.0919849425553277,-0.0862201655061281,1
"0",0.0808511830033068,-0.241105107885257,1
"0",-0.196201604552835,-0.207972548265521,1
"0",0.255436704202167,-0.110069094864093,1
"0",0.108253985182949,0.0841209356117093,1
"0",-0.264405367686773,-0.0196790500436895,1
"0",-0.218920548626626,0.112980295326761,1
"0",0.178165639779629,-0.134090446068615,1
"0",0.10993730383689,-0.238836357048908,1
"1",0.162190570789186,-0.129381996456176,1
"0",0.139508484576413,-0.163722200716984,1
"0",-0.422546753531285,-0.232469525262125,1
"0",-0.040381977250879,0.0647831469340146,1
"0",-0.232052718304032,-0.285009290249245,1
"0",-0.310362269826665,0.207636185815089,1
"0",-0.0178559961724813,0.133096593272107,1
"0",-0.151401006777859,0.211622995737134,1
"0",-0.0700707110052282,-0.1411411152941,1
"0",-0.00205371153247276,0.0529455287644714,1
"0",-0.237852237875049,0.303639975924174,1
"0",-0.111851672760199,-0.0332716050502408,1
"0",0.229365863298459,0.0426674939455556,1
"1",-0.288925291412112,-0.0568381664964148,1
"0",-0.0191976005224353,-0.186344868261347,1
"0",-0.0940361014438781,-0.0961938604104331,1
"0",-0.0764087287166013,0.259528809145757,1
"0",0.0589567297575025,0.0139426738338667,1
"0",0.261830801407664,-0.112793267669039,1
"0",-0.24884559650942,-0.490615896046638,1
"0",-0.0891244320659501,0.0336658481011239,1
"0",-0.175857423149077,-0.0670963791184541,1
"0",-0.0590097871853102,-0.327300346069478,1
"0",-0.161071878946093,0.109153750996422,1
"0",0.143057351170474,0.302967452059715,1
"0",-0.171258273754191,-0.00110173770291176,1
"0",-0.463536061729492,-0.0722645587759188,1
"0",0.143600884357303,0.0243145213301773,1
"0",-0.142714130218323,0.0124684379226467,1
"0",0.331564767426092,-0.235642084827225,1
"0",-0.0410405544316728,-0.273459110317862,1
"0",0.0612353608393532,-0.141329039411632,1
"0",-0.0273525643128709,-0.197747750141127,1
"0",0.0353319724935177,-0.0680119841539188,1
"0",-0.0173106218547046,0.172602126765581,1
"0",-0.130545524926889,-0.0297972031572926,1
"0",-0.078076423480101,0.127396630041679,1
"0",-0.525501188920273,0.0924951425386386,1
"0",0.298272789419635,-0.143376422832492,1
"0",-0.112811063641002,-0.0263017067012727,1
"0",-0.240242583156249,0.394883637160039,1
"0",-0.0270314988030916,0.0597388407626568,1
"0",-0.0533964199013818,0.0881792139174386,1
"0",-0.170965376811925,-0.170373355557469,1
"0",-0.248884181697105,-0.0923071604518714,1
"0",0.104768574664337,0.0365900141168756,1
"0",0.139606071481155,0.287437369136773,1
"0",0.0658668301739683,0.117227217283941,1
"0",0.311636108362046,0.0791470691421289,1
"0",-0.147708646798519,-0.191210442857078,1
"0",0.0275262735608993,-0.191438433205315,1
"0",0.156373067804837,-0.12910556844028,1
"0",-0.295206705583956,0.494757085214725,1
"0",0.170510631894276,-0.14037898732149,1
"0",-0.320937399824826,0.302296830407086,1
"0",0.229926669490024,0.092475352145963,1
"0",0.33168658777983,-0.0377383393133975,1
"0",0.186541050957069,-0.0535112140587488,1
"0",-0.0786072885395539,-0.126587333837247,1
"0",-0.283687294102531,0.301017983931779,1
"0",-0.331111315397597,0.0535216599126087,1
"0",0.0770125928595067,-0.0476377262286852,1
"0",0.0401120265803496,-0.321115084764409,1
"0",-0.0732361716356789,-0.236906835788481,1
"0",-0.238693584234817,-0.233300607829636,1
"0",-0.160744701378152,-0.0481487452150152,1
"0",-0.0180183722737935,0.287897441585166,1
"0",-0.0859675251834335,0.0750447113169967,1
"0",-0.181282374919781,0.215674825302564,1
"0",-0.0674732169891206,-0.123320840740188,1
"0",-0.215370500589958,-0.254408622250466,1
"0",-0.130334494748879,-0.171313758192034,1
"0",-0.250471938284398,-0.0361723731003414,1
"0",0.168237210457238,0.0367437971882845,1
"0",0.341678210566389,-0.221513210320646,1
"0",0.292628194831814,0.332512410747528,1
"0",0.1889144432132,-0.0211704476391591,1
"0",-0.122747992485016,0.0448589383988179,1
"0",-0.0636927255348854,0.0366719349272534,1
"0",0.0639725527762971,0.297884188891598,1
"0",0.214658025955507,0.0485257951557897,1
"0",0.223967122269389,0.168709245524034,1
"0",0.061577475631687,0.115188273164601,1
"0",-0.323458207690148,-0.226249166940473,1
"0",0.0216467472368457,0.0405206821023165,1
"0",-0.00689381302829097,-0.419920170459776,1
"0",-0.0747402198306938,-0.0911362726665575,1
"0",-0.126834672524834,-0.289474941001548,1
"0",-0.256276870609254,0.118268300095982,1
"0",0.495574230253097,-0.0450013388571731,1
"0",0.0602486016984704,-0.0664605458740113,1
"0",-0.33745193798894,0.100263013330069,1
"0",-0.0496747698195193,-0.00750668435122509,1
"0",0.311561829049477,-0.102136586092321,1
"0",-0.0325963677596036,0.298949275366895,1
"0",-0.239809446361357,0.250400608673048,1
"0",0.184327543395021,-0.0479737522599591,1
"0",0.0453977953823203,-0.176269454443764,1
"0",-0.258741237010449,-0.00774107711593616,1
"0",-0.200750219566455,-0.0551423994188682,1
"0",-0.130637965561421,0.12125376279801,1
"0",0.0117120803594136,0.104027830093711,1
"0",-0.0698851276950087,0.136635678827426,1
"0",0.00170391319748552,0.0727995332067723,1
"0",0.183478645274304,0.547563513359638,1
"0",0.00237558917982606,0.292913255317169,1
"0",0.282480149553151,-0.238018442766834,1
"0",0.162880919855088,-0.161393273562379,1
"0",0.00766988629810495,0.190728211240357,1
"0",0.2500137744529,-0.228384457684374,1
"0",-0.175147435060776,-0.494185105482497,1
"0",0.151843860877324,0.185840509037207,1
"0",0.12009292496281,-0.232293787849737,1
"0",0.0304338551066002,-0.251186030649436,1
"0",0.389865724096087,-0.166578797751555,1
"0",-0.0453595261500278,0.0476894410817588,1
"0",-0.444375470425891,-0.163759167655987,1
"0",-0.0551598649444525,-0.143526390753338,1
"0",0.0673201830681295,0.163797737158005,1
"0",0.0322096050009794,0.119955191827358,1
"0",0.17353889116592,0.00510165728007545,1
"0",0.134934552082282,0.188884275066313,1
"0",0.240087479989769,0.0425815617676368,1
"0",0.217529749047606,0.197707332907273,1
"0",-0.161050024833928,-0.156646680660146,1
"0",0.0637657782318608,-0.0658581693797593,1
"0",-0.134336390905692,0.283865921476682,1
"0",-0.199774885743869,0.126012019219979,1
"0",0.291211787629314,-0.21139969815601,1
"0",0.165045132244001,-0.224918992035771,1
"0",0.345690863975362,-0.0613395627416883,1
"0",0.143996352821021,-0.368444755139102,1
"0",-0.0238519543056279,-0.195321458722039,1
"0",0.0404544168002756,0.216146640549239,1
"0",-0.244118960016438,-0.170299566016111,1
"0",-0.058427234347822,0.109933556391116,1
"1",-0.25248548475837,-0.452410222741351,1
"0",-0.0451445458314414,-0.456420183189524,1
"0",0.0766632359518759,0.189274575781743,1
"0",-0.385391336662151,-0.252188721232061,1
"0",0.00401622758753256,0.100490915145007,1
"0",-0.321347831743911,0.133433464175867,1
"0",0.471251247410169,-0.108314937663098,1
"0",-0.150508812449463,-0.0815108752703376,1
"0",0.214512091260751,-0.371378966337619,1
"0",0.140446893117879,-0.201863808383772,1
"0",0.109793671868994,0.162357763471222,1
"0",0.147408410930935,0.0758412272985186,1
"0",-0.219502388909407,0.101760915293844,1
"0",-0.340117857881283,-0.319464498399961,1
"0",0.427703852773199,0.044743058251216,1
"0",0.0550493630984978,0.166321988211456,1
"0",-0.214851453761725,0.0503762955456065,1
"0",0.423760819335755,0.0819323450503288,1
"0",0.0650331329483168,0.109267418446345,1
"0",-0.0140064671083188,-0.119369456741179,1
"0",0.161025674718126,-0.151311921182762,1
"0",-0.204377582594295,-0.0626472838380399,1
"0",0.145152792997026,0.214896545651835,1
"0",-0.108573666050911,0.0480056380611785,1
"0",0.118624112673721,-0.19156854044436,1
"0",-0.271395817702408,-0.445923072892119,1
"0",0.210671197504429,-0.15978629086474,1
"0",-0.199108155954216,-0.220643094727994,1
"0",0.381588442611702,0.189866190688036,1
"0",0.20448772385691,-0.212176479253277,1
"0",0.134365350962647,0.397612387187353,1
"0",-0.103342833198412,-0.243808222579323,1
"0",-0.0397779630517732,0.25768817742826,1
"0",0.157924365753968,-0.133618951753287,1
"0",-0.244631494953632,0.0475640936227215,1
"0",-0.146874254592179,0.139377760428846,1
"0",-0.153399203137808,-0.0866552031954471,1
"0",-0.150902924794039,-0.19150635612691,1
"0",-0.0483780639120527,-0.0158713505891878,1
"0",0.0301514044121844,-0.424780018333528,1
"0",0.0240498069721004,0.458506260119754,1
"0",-0.257190039414765,-0.181856538265751,1
"0",0.0622497674228826,0.0344767206508232,1
"0",0.178799490654073,0.0147579291314269,1
"0",0.120046330493763,-0.134586242549426,1
"0",-0.0318083738831855,-0.173523624681715,1
"0",-0.234345480268483,0.171493568932595,1
"0",-0.369924030929625,-0.153186464883748,1
"0",0.0440950198372208,-0.0590408475117274,1
"0",0.217799151768773,0.349359107211288,1
"0",-0.176501594760905,-0.0702767251408699,1
"0",0.18231087770553,-0.0570538800786424,1
"0",-0.10304397858506,0.141940973893354,1
"0",0.318250307970321,-0.0960835625616514,1
"0",0.0566595620303294,-0.0237378762629127,1
"0",-0.0813283150036289,-0.01183081095319,1
"0",-0.467176711931894,-0.140228953048785,1
"0",0.0213398587387092,0.358045363324098,1
"0",-0.165351825055713,0.00583777160620004,1
"0",0.0395763972781052,-0.0519842334378494,1
"0",0.0511630797799483,0.101879333892574,1
"0",-0.437310085260991,0.142468720382193,1
"0",0.114547812331672,-0.196103354876092,1
"0",-0.138464115840829,0.210083098498725,1
"0",0.0676504671091531,0.137417108571166,1
"0",0.276449918589408,-0.260404681806222,1
"0",0.228444892876979,0.238362083326661,1
"0",0.264957252843963,0.250394866268042,1
"0",0.0899039423005866,-0.327155186331257,1
"0",-0.0887181151469532,-0.0534919695554674,1
"0",0.00117976459143696,0.309762632084344,1
"0",0.283099624494791,-0.207214720148896,1
"0",-0.0261594281155865,-0.236466508630179,1
"0",0.110160678625221,-0.272810140702375,1
"0",-0.0213109965795867,0.097558463795827,1
"0",0.055096145791911,-0.366248149647656,1
"0",0.316275147048798,0.248778939705308,1
"0",0.216375305158289,-0.18819655622526,1
"0",0.251829321877003,-0.203419960094544,1
"0",-0.194465714156503,0.28735264754623,1
"0",0.298456029547318,0.00899811148125971,1
"0",-0.202920051453886,0.0295234590702626,1
"0",0.152812124299202,0.0145900387634785,1
"0",0.0388417723390863,-0.103701994996642,1
"0",-0.180553057003027,0.0352176448515294,1
"0",0.0266132046054697,-0.0454663668943494,1
"0",0.268593008899616,-0.541024974504339,1
"0",-0.0740682350175737,0.122109934845148,1
"0",0.237475956203054,0.14661398647645,1
"0",0.315086509291223,0.0266340805395048,1
"0",-0.0496125394984678,-0.474466289925889,1
"0",-0.0642882152665752,0.343662451711579,1
"0",0.151267475096816,-0.0983236545060417,1
"0",0.421167263781048,-0.203616719951027,1
"0",0.25746737075482,0.38053969867778,1
"0",0.531053507713828,0.00383783280426391,1
"0",-0.161797643352413,0.12814097897162,1
"0",-0.210481978775136,-0.100665063257836,1
"0",0.131869119236157,0.01786460199576,1
"0",-0.0538841012561516,-0.161163972624775,1
"0",-0.0193372179373908,-0.131891056708911,1
"0",0.220751900756515,0.358608197159403,1
"0",0.105408871380254,0.150078853145409,1
"0",-0.0953165585648555,-0.175867122051876,1
"0",-0.281177834456825,0.287573658236842,1
"0",-0.0997466387463826,0.0401755586739724,1
"0",-0.0751116737592869,-0.0597147079830976,1
"0",0.0567630294976099,-0.039284936657703,1
"0",-0.0456807839262287,-0.194490101330534,1
"0",-0.311737737006197,-0.333805206189178,1
"0",-0.0599036017720545,-0.424528535411652,1
"0",-0.273189048433841,0.0959017641466459,1
"0",-0.378661275663957,0.058283137879389,1
"0",0.0745488331331474,-0.0747433654632768,1
"0",-0.0161173671601454,0.203877168762118,1
"0",-0.00157424267054754,-0.222028906915612,1
"0",0.320519006210497,0.119205665269134,1
"1",-0.201848230995844,-0.329199440878872,1
"0",-0.05679709832918,0.384101435032215,1
"0",0.0508183694051993,0.268461953016994,1
"0",-0.24159312847499,-0.411220723604404,1
"0",0.0373534772712034,-0.0520998983350953,1
"0",0.325558035308137,-0.480158369840752,1
"0",-0.279536565905338,-0.0997902460260245,1
"0",0.104538255228199,0.0069786783836268,1
"0",0.0393532220567972,-0.298245910233941,1
"0",-0.233859091402217,0.135673295019208,1
"0",-0.253078445139552,-0.0558450085453614,1
"0",-0.135064534839872,0.00361160122180028,1
"0",0.533162559153576,0.222023632715477,1
"0",0.0310034291797178,0.178217505466345,1
"0",-0.11260890684534,-0.031520406230628,1
"0",0.106298868626972,0.259495639869426,1
"0",0.280960494560952,-0.017518976212328,1
"0",0.0461456878641867,-0.058814966364158,1
"0",0.339479722492355,-0.100323108875082,1
"0",-0.364788016306844,-0.479701433785171,1
"0",0.176350384157968,0.342242537547723,1
"0",-0.122265433972514,-0.144406535044966,1
"0",-0.0443579321521603,0.0221279825670329,1
"0",-0.321676231868718,0.215619691354895,1
"0",0.114708236412491,-0.392892386225592,1
"1",-0.0124295853975951,0.835359456966618,2
"1",0.310368767151397,1.09768300798987,2
"1",0.297665002625434,0.894744957485506,2
"1",-0.0256796177339773,1.2636118690287,2
"1",0.123890707762439,1.08315031788135,2
"1",0.36835111272812,1.07499879003639,2
"1",0.0847194741902063,1.07856193545848,2
"1",0.117195129687664,0.886515421397548,2
"1",-0.0647767164382512,0.858207619946306,2
"1",-0.211667028285604,0.794787941110318,2
"1",0.282556073047948,1.13236412012132,2
"1",-0.434799886465663,0.98541502550403,2
"1",0.161268621250198,1.03671129961728,2
"1",-0.105188848157169,1.03767522880546,2
"1",-0.0548677593632179,0.841559905682566,2
"1",0.0975319036770026,1.11283867962045,2
"1",-0.375084050830477,1.48721369480619,2
"1",0.0292790320524317,0.942608817306834,2
"1",-0.134862796906331,1.05833821893158,2
"1",0.219947038239441,1.21667647347272,2
"1",0.13154764577256,1.12769668811959,2
"1",-0.0390837242112339,1.00185209238283,2
"1",-0.176310725046353,0.895784930936818,2
"1",-0.159208103120364,0.885538091342176,2
"1",0.164598328490443,0.851268189209692,2
"1",0.239512380734358,1.4064131813658,2
"1",0.104819298993978,0.927429530070564,2
"1",-0.0706639216220161,0.908041571323016,2
"1",0.186153551285907,1.12951404276553,2
"1",0.0804802506692726,0.788386713371614,2
"1",0.211618255526294,0.796333524549784,2
"1",0.316736972711397,0.891390814206086,2
"1",-0.128799122592271,1.12489121953514,2
"1",0.166052867603684,1.07558238877657,2
"1",0.272182860840352,1.27768723171606,2
"1",-0.210178301221782,0.804258369357672,2
"1",-0.0357541058144906,0.858817348626936,2
"1",0.43562742837129,1.15314326800722,2
"1",-0.154652114729285,0.90868390206472,2
"1",0.104230339247909,0.988105005618614,2
"1",0.162924514584677,1.09399816370101,2
"1",0.835644605994292,0.926859043849083,2
"1",0.150783266515477,0.821996911644183,2
"1",0.0195510886887214,1.12698654622228,2
"1",0.0816327818623275,0.875266100394592,2
"1",-0.0470050645629685,0.939843694760557,2
"1",0.0883099105161643,0.993253926996954,2
"1",-0.151602637451554,1.23758820525093,2
"1",0.281304874947555,1.07886212822407,2
"1",-0.219828828405069,1.47372354500169,2
"1",0.0317484762981859,1.17897042416803,2
"1",0.323299531183932,1.00238338190981,2
"1",-0.0868266484299986,1.26741743999448,2
"1",0.0219740730133196,0.898865624260064,2
"1",0.136865862873187,0.810667103652172,2
"1",0.145712357084602,1.16911502956318,2
"1",-0.0666665737519757,1.273301570299,2
"1",0.183975206990977,1.14206045960825,2
"1",0.140542218555475,0.803175546260539,2
"1",0.19734422000048,0.977656823514534,2
"1",-0.131930720078525,1.20604279256652,2
"1",0.189466680814181,1.03122921923914,2
"1",0.202428277976229,1.13469158155883,2
"1",0.0709763314936134,1.11688124264634,2
"1",0.117228037818229,0.839504492690875,2
"1",-0.0305955100774857,0.513812193279932,2
"1",-0.101659178189068,1.14976539404512,2
"1",0.0159906848212843,0.941823011001353,2
"1",0.18049777952199,0.996946515068669,2
"1",-0.0225134427448636,0.756414998945174,2
"1",-0.189617141412052,1.14989761975811,2
"1",0.160633696165737,1.11575017644791,2
"1",-0.340295836717096,1.25917605623222,2
"1",0.175145001808531,1.04642244415987,2
"1",0.0985803772685224,1.21128694269371,2
"1",0.11347941767045,0.762219810391135,2
"1",0.277243981504004,1.1457259068843,2
"1",-0.139827413376817,1.07884574655461,2
"1",0.211068362870553,1.02457570607611,2
"1",0.287288477425415,0.753826791370607,2
"1",0.067727687826078,1.1796531565315,2
"1",0.250772267015518,1.18008206732748,2
"1",0.120398347139616,1.21976131267762,2
"1",-0.088014128799172,1.02060271299806,2
"1",0.191245946288378,1.05125317193638,2
"1",0.128387717374196,1.16354727157658,2
"1",0.10247926253779,0.495838964786968,2
"1",-0.261616754907469,0.961269465108973,2
"1",0.438721464236731,0.627308766905282,2
"1",-0.231052779564658,0.749555943119341,2
"1",-0.0992710088676968,1.31599867207707,2
"1",0.164825078540585,1.00058632834584,2
"1",0.3637999814814,1.03167763228745,2
"1",0.357047936570345,0.632120472130822,2
"1",0.391866849599033,0.756005676438001,2
"1",0.224229407925152,0.866043297521928,2
"1",-0.123168163471748,1.08628487192477,2
"1",0.0885943768490279,0.957016878617062,2
"1",0.041903552105014,0.810112030937899,2
"1",0.236255954156711,1.32107288281766,2
"1",1.12973517838129,0.103275917164119,3
"1",1.27760052595656,-0.133927183851114,3
"1",1.07400486508786,0.330619536412871,3
"1",1.54251606541078,0.13912995154391,3
"1",1.12705362355827,0.0725990639950257,3
"1",1.07833599071775,-0.0700101464809807,3
"1",1.01219826456336,0.319884880838371,3
"1",0.937608934044524,0.0265911847296079,3
"1",0.962154388835513,-0.130767719728423,3
"1",0.958871806547202,-0.0726087810486406,3
"1",1.08232219166595,0.417342627782124,3
"1",0.879913519466876,-0.202900954137743,3
"1",0.950519053518914,0.13921542776688,3
"1",0.940813473290749,-0.375836681289718,3
"1",0.907963339206404,0.225364716612154,3
"1",1.2883051497541,0.00111953622287814,3
"1",0.956634031204843,0.25199148746542,3
"1",1.29777660081968,0.0516670007597893,3
"1",0.975708453255818,-0.223712269655899,3
"1",1.01827077094676,0.0208313705320092,3
"1",0.927942783820306,0.0330745047980037,3
"1",1.0657982750323,-0.356916853704739,3
"1",1.10530462465128,0.172159644378598,3
"1",1.16040770579799,0.272184186558518,3
"1",1.09527639794666,0.0683247816807712,3
"1",0.635752010770849,0.0244057464467424,3
"1",1.12607611425188,-0.154565470216437,3
"1",1.07373679086332,-0.231591480440287,3
"1",0.988965373201372,0.108121162378485,3
"1",0.794329107291408,0.109350798890193,3
"1",1.00247221431202,-0.098102184835699,3
"1",0.978748496218385,-0.0280324967270063,3
"1",0.875481051460457,-0.0584186313599989,3
"1",0.606597287327543,-0.0531633413065658,3
"1",1.05047113684673,0.118296679101705,3
"1",1.00397533504201,-0.407245265726531,3
"1",1.00005089016739,-0.00641737139330186,3
"1",0.913676779321833,0.0526752049179634,3
"1",0.742120117773244,0.296386491820256,3
"1",1.11712340865765,-0.336207316211823,3
"1",0.884455149970423,-0.0365550703674733,3
"1",0.979803266378182,0.222162528318544,3
"1",0.904849906282043,-0.0670979987934591,3
"1",1.03053617069245,0.161196665123093,3
"1",0.851996040929362,0.234763142494719,3
"1",1.15854892125363,0.038634083118908,3
"1",1.16683495288642,-0.0817387793819063,3
"1",0.817198321853866,-0.232144283064398,3
"1",1.08133640730403,0.0407322746046827,3
"1",0.943956570175028,0.0180035308711171,3
"1",1.04303431894757,0.256382447390067,3
"1",0.984269839126778,-0.4108458934163,3
"1",0.776309608892145,-0.0824632836798652,3
"1",0.951659389775405,-0.3662111986567,3
"1",1.16839891431186,-0.0989487431138043,3
"1",1.3153296445602,-0.106215523869553,3
"1",1.26950491753795,0.0816186596714913,3
"1",1.33930361262553,-0.360922213477456,3
"1",1.03512809699433,0.0457203157062888,3
"1",1.15453215074642,0.325808354600891,3
"1",0.690311529703226,0.290465016180377,3
"1",1.08997897216524,-0.115692339438339,3
"1",0.920011167984442,0.0499637066668721,3
"1",0.760961691372592,0.0453278426508591,3
"1",0.994633624615264,-0.00845639080025404,3
"1",0.843828789909519,0.229097349266411,3
"1",0.878330101614184,-0.218097922555095,3
"1",0.94830497962176,-0.0413839178243174,3
"1",0.730290885228613,-0.15468765085324,3
"1",0.98591656412167,0.0280387255218436,3
"1",1.10187329910488,0.00176913260646477,3
"1",1.1037639249882,0.00470871593135934,3
"1",0.716276709816879,-0.127702547127773,3
"1",0.787941252856017,-0.0918461485158264,3
"1",0.604901933764745,0.0841300082317843,3
"1",0.738881776458897,0.0915585994296915,3
"1",1.28417557613262,0.139855115508135,3
"1",0.924650421241651,0.164571113885388,3
"1",1.24898901650878,0.0944232499556638,3
"1",1.36185761379178,-0.346636428153415,3
"1",0.836494191913442,0.122980719538022,3
"1",0.64564400286678,0.378103167391065,3
"1",0.725609171140421,-0.132724696157673,3
"1",0.946369416757011,-0.0575348888992797,3
"1",1.24732154703818,-0.226501318956198,3
"1",0.867244052379019,0.121316575049835,3
"1",1.00274617829103,0.106290804166707,3
"1",1.05711857735054,0.159849653617241,3
"1",0.922787779828454,-0.081323486207027,3
"1",1.21570118553461,-0.220304609377285,3
"1",1.15796397830244,-0.363688954324486,3
"1",1.28025229825118,0.020597660722851,3
"1",1.38596751326947,-0.222137508922931,3
"1",0.907163290076374,-0.0624114796803449,3
"1",1.04230041686364,0.0509824780256421,3
"1",1.02817007734882,-0.0626565492481233,3
"1",0.777610271513349,0.0125108025879998,3
"1",0.820507139363958,-0.200924215253732,3
"1",1.03386186701037,-0.215718382557645,3
"1",1.04881822333559,-0.134298562929422,3
"1",0.83078624912679,-0.141372275181547,3
"1",1.15838286275145,-0.174626688546354,3
"1",1.00483874934911,-0.108831034808795,3
"1",0.841432678066847,0.0734026885835022,3
"1",1.10772304033689,0.0348386778438463,3
"1",1.01144304169571,0.0903900496790342,3
"1",0.835866848190751,0.0661389954423231,3
"1",1.01816198422751,-0.139299750224038,3
"1",0.840689513270518,0.295330026445378,3
"1",0.732719810391717,0.320322851669057,3
"1",0.543947719506482,-0.0513883877000478,3
"1",0.852926666418331,-0.252967366158848,3
"1",0.533096950486099,-0.195379678760011,3
"1",1.00420517777437,-0.171625081585921,3
"1",0.891022325380689,0.0657146809778032,3
"1",1.07592191001095,-0.0560051241242442,3
"1",0.923623713811522,0.0656278688343667,3
"1",1.03727528736823,0.116535550437938,3
"1",1.08311655637465,-0.0485119425445744,3
"1",0.833729193999462,0.0271119881605117,3
"1",1.12115792921597,0.267694566050176,3
"1",0.932136014715587,0.33367835965424,3
"1",0.921545412123042,0.0777412368399165,3
"1",0.613493079026951,0.0611286933441357,3
"1",0.675823893662197,-0.219083152615793,3
"1",1.12861719313671,-0.138090151339727,3
"1",1.17788331264687,0.17370949433898,3
"1",0.976284766163152,0.0412611337319953,3
"1",0.996560820670666,0.254608844451784,3
"1",1.03516749539469,0.378244894320763,3
"1",0.785459256271207,0.223712940112331,3
"1",1.14387649581568,-0.286493782775022,3
"1",0.948698566800165,-0.168218045079281,3
"1",1.00489320329968,-0.0670982680497634,3
"1",0.902407826676391,-0.117366126784503,3
"1",1.18585652435578,0.380030966955299,3
"1",0.857306362772259,0.202814522173081,3
"1",0.340018208614817,-0.0664909122394755,3
"1",0.81591920783932,-0.0475690385024286,3
"1",0.82983140192721,0.150820682542978,3
"1",0.967546850426727,0.0231757975912962,3
"1",1.00432154216922,0.00329581267102387,3
"1",1.06355032912452,-0.076553961457083,3
"1",0.912998508644835,0.08984055433435,3
"1",0.865842939495936,-0.175122890283194,3
"1",1.02317173609375,0.278683913664578,3
"1",0.741157448784695,-0.0537070505380328,3
"1",1.24952448456717,0.030454807012474,3
"1",0.961692928232543,0.319730486142179,3
"1",1.16530093373157,0.146025566217719,3
"1",1.07243261421824,-0.209062053841308,3
"1",0.916467186583778,0.13681235635189,3
"1",1.13427782802935,0.189898286960731,3
"1",0.797801242931006,0.00544836703961862,3
"1",0.819288556448144,-0.0591522654397469,3
"1",0.689886280648337,0.00267896183343348,3
"1",1.14496930151891,0.155170718668835,3
"1",1.24602746526613,-0.245174479397913,3
"1",0.942751012964508,-0.0269923760792496,3
"1",1.25112659489074,0.23984510023628,3
"1",0.998082691034842,-0.11047126102988,3
"1",0.910793638908719,-0.0134523439960951,3
"1",1.18645330385778,0.192893016247342,3
"1",1.12499676074029,0.249115605058976,3
"1",0.951102277012851,-0.0188567770201015,3
"1",1.11622142855335,0.000207483137350788,3
"1",0.825507189705582,-0.00757925460804681,3
"1",0.905449703406112,0.0847774198367495,3
"1",0.869102184983419,-0.535292984510594,3
"1",1.1732009493236,-0.019992252563697,3
"1",0.953966717131431,0.285893579830931,3
"1",1.33439092747471,-0.371595515213167,3
"1",0.995536527881212,-0.0494016013649752,3
"1",1.23462663382043,-0.197914246384932,3
"1",1.17201017995631,0.326588771956471,3
"1",1.24648531034707,0.194710849793116,3
"1",0.977302007342046,-0.193167190679577,3
"1",1.24551106509463,-0.0973714610577959,3
"1",1.18947662169688,0.0372261028119327,3
"1",0.822621009165022,-0.109329691411169,3
"1",0.816297096490297,-0.218290335306355,3
"1",0.957043772500423,-0.305346430861468,3
"1",0.911341201650999,0.0945131143032372,3
"1",0.414117012975592,-0.0655667406741229,3
"1",0.979813676068279,0.162978887412263,3
"1",1.14485461599024,0.1170908664397,3
"1",1.07269480077362,-0.0514186178066419,3
"1",0.818839847444841,-0.180235725012677,3
"1",1.05092734525279,-0.0690526237600667,3
"1",1.07229601867829,-0.0145282064741682,3
"1",1.39179794603173,-0.220034441504983,3
"1",0.672498150451786,0.068556391327913,3
"1",0.808126364693756,0.060219660751627,3
"1",0.889747943143636,-0.19644715773207,3
"1",0.653884017599499,-0.0122839683451757,3
"1",1.00185095016581,-0.301377060383967,3
"1",0.990280599988782,0.220187005404382,3
"1",0.884008920506914,0.11016731341018,3
"1",1.1670097579296,-0.0858457149698278,3
"1",0.782916320096977,-0.220515794705438,3
"0",1.17876347299413,0.688164309029055,4
"0",1.01070905037143,1.05800919910219,4
"0",0.987042812613238,0.722165542616776,4
"0",0.683199882075454,1.19278733468062,4
"0",0.910871942984659,1.01672357184948,4
"0",1.28387378569421,1.34203728743766,4
"1",1.17389270672236,0.839421139374118,4
"1",1.14506859785616,0.824716409046973,4
"0",0.687045928278572,1.47242264840798,4
"0",0.867492817594615,0.739065020710729,4
"1",0.973589691031369,1.05125633999987,4
"0",0.8596862529057,0.808721208329471,4
"0",1.0286339038721,0.976050455617625,4
"0",1.10156205528778,0.68423088259592,4
"0",1.17555854962191,1.15169090423561,4
"1",1.03085627627013,0.641025679441001,4
"0",1.1654770514377,1.18042990666847,4
"0",1.11657043873119,1.1405370400665,4
"1",1.12826809406599,1.15095517823311,4
"0",0.496938602196218,1.18046286116415,4
"0",0.816325640064561,0.54299224917297,4
"0",1.01299015145854,0.703495552480623,4
"0",1.06659308861786,1.13152944037279,4
"0",0.971148168039214,0.81360903000776,4
"0",0.84553508313832,1.05864828510699,4
"0",1.12645996670412,0.909043780442257,4
"1",1.02782320904434,1.13908974211999,4
"0",0.717112205498825,0.9964249572346,4
"1",0.718778680559089,1.36343453020004,4
"0",0.828764927324433,1.11829714356694,4
"0",1.15846974980503,0.952883705743247,4
"0",0.811444083904724,1.30367782758071,4
"0",1.25004240549098,0.930941042995759,4
"0",1.09729975661917,0.727425602790794,4
"0",0.834258937645987,1.0848501110013,4
"0",1.09595080217882,1.25994278840299,4
"0",1.00044218025496,1.21201623294897,4
"0",0.903923635510837,1.21138625652701,4
"0",0.960367124640564,0.878957517272687,4
"1",1.0207947346884,1.086107589213,4
"0",0.709125798197307,0.741987544043252,4
"0",0.950205033050658,0.927570814599434,4
"1",0.909605507018035,1.04963282614928,4
"0",1.00679257644224,1.02623126480894,4
"0",1.07544020263371,0.906202388256474,4
"0",0.964044713399021,1.06281409834297,4
"0",1.13618757081432,1.44418528526521,4
"0",0.942168538077283,1.24534272858331,4
"0",0.741589099822771,0.945280593923999,4
"0",0.965281824508126,1.37881448039717,4
"0",1.09555441599929,0.744366580364682,4
"0",0.95369076739919,1.10899048925536,4
"0",0.688042195585675,0.965146094205979,4
"1",0.785932587365193,1.37915399286001,4
"0",0.97253860742731,1.22752724447015,4
"1",1.2194820261315,1.01850518191398,4
"0",0.891904113036494,1.04731583425193,4
"0",0.971601411870783,0.854725508859856,4
"1",0.668375768242101,1.11949287480064,4
"0",0.762722806793288,1.24779633681328,4
"0",0.998000403523744,0.825901747798832,4
"0",1.00682051112625,1.25338318001528,4
"0",1.09004119304214,0.993703457259451,4
"0",1.03002154159122,1.31013405113341,4
"0",1.17485390038463,0.971777646678552,4
"0",1.18954588819727,0.988026786927178,4
"0",1.29179850892572,0.918616063337403,4
"0",0.891994587385522,1.26364443376452,4
"1",1.07260185396748,0.996406602662095,4
"1",1.13417359474406,0.902662449631528,4
"0",1.14376243753664,0.844350574599782,4
"0",1.00137255956471,1.06671060489694,4
"0",1.22428918821141,0.808097220530607,4
"0",0.866409788790655,0.941464135987123,4
"1",1.2625816888938,1.00328271347339,4
"0",0.893599497280552,1.29982690589457,4
"0",1.02396774059881,1.06458929592268,4
"0",1.1013121592771,1.30294544331815,4
"0",0.876178874807515,1.17718161756461,4
"1",1.03207579471386,0.875979948957247,4
"0",1.09359066592239,1.08669241388362,4
"0",0.691262381938953,1.29426372024231,4
"0",1.03726394895403,1.18842028041058,4
"0",1.18252126514107,1.0367032636247,4
"0",1.13293721331289,1.0351518743753,4
"0",1.25011073025939,0.928525675895778,4
"0",1.05118590401095,1.24357800982032,4
"0",0.996530002751289,1.1122213507795,4
"0",1.00660329715302,0.868468429895077,4
"0",0.755929697966839,1.0947395988196,4
"0",0.58863590053877,0.853610664854563,4
"0",1.08930362681098,1.09306367303131,4
"0",0.834503546432085,0.840355290285517,4
"0",0.674356693148267,1.30983071655824,4
"0",0.81346853950755,1.45848403029624,4
"0",0.910928314741919,1.12325814697732,4
"0",0.994766651411627,1.09237970088111,4
"0",0.940008684793018,0.918660590561304,4
"0",0.803755881949524,1.20196315627576,4
"1",1.06681686420507,1.05070589641811,4
"0",1.19074904323755,0.94176673562087,4
"0",1.21217427456755,0.956161482148966,4
"0",0.738256814529067,1.72950542244708,4
"0",0.969646520672058,0.928605268112725,4
"1",1.48055917490985,1.18017736309986,4
"1",0.938980764270081,0.835424228813081,4
"0",0.68455811464634,0.839042769087781,4
"0",1.12672990461917,1.07036690641189,4
"0",0.609271454477999,1.00979571662943,4
"0",0.945347642748135,1.12452267831628,4
"1",1.16539526918935,1.07510795224778,4
"0",0.849888336350799,0.903442671433819,4
"1",1.13732823613461,0.880637023220879,4
"0",0.981058773748356,0.988311921212654,4
"0",1.20907427162679,0.950890739433159,4
"0",0.977682918499532,0.924320936156878,4
"0",1.12796080027836,1.06834342103421,4
"0",0.883786681756727,0.613432753875767,4
"0",0.764412663708617,1.05399861778078,4
"0",0.998523981364163,1.31812350388923,4
"0",1.30055701376064,1.31478875337037,4
"1",1.15484347524037,0.959320988877573,4
"0",0.550100943519916,0.858440418012405,4
"0",0.997503041231707,0.770954083477234,4
"0",1.05931622603553,1.11489789993386,4
"0",1.05762251578125,0.853628078805826,4
"1",1.25326752444183,0.896719641865675,4
"0",0.979240058856851,0.874890416395964,4
"1",1.25929292104028,0.761499752376758,4
"0",1.09669398789212,0.856817548492886,4
"0",1.01775345575492,0.685508555202335,4
"0",0.878240036673664,1.21047565420396,4
"0",1.03493587420296,0.993191020433465,4
"0",0.798821486471345,0.729158227037343,4
"0",0.927973832534505,0.795509238650397,4
"0",0.602105238651639,0.938152360536331,4
"0",1.32275140269233,0.763266311804294,4
"0",1.15325503357782,0.858316843811234,4
"1",0.768367558374694,0.711997566155157,4
"0",1.23480235390874,0.957193810620203,4
"0",1.33426972654953,0.685178431253453,4
"0",0.739804972455201,1.28539319114912,4
"0",1.17207665536266,0.9505145504265,4
"1",1.18092508332418,0.804831409303049,4
"0",1.30616436050977,0.681346995643499,4
"1",1.01240902171951,0.901368032557781,4
"1",0.830292566731852,0.999666962517746,4
"0",0.932710764599031,0.75533536536906,4
"0",1.08894810291641,0.990020429117822,4
"0",0.91457132342726,0.599800961801829,4
"0",0.986135386636185,0.606854337717931,4
"0",0.917086899483513,0.989583647419757,4
"1",0.930153311315273,0.901769481947304,4
"0",1.17823902206227,0.810477239683925,4
"0",0.910710261024792,1.22177842244061,4
"0",0.900601001049627,1.135224147442,4
"0",1.2192540222183,0.684959812568364,4
"0",1.34548917250414,0.921252113636349,4
"0",1.01344721243873,0.515055104550312,4
"1",1.04099511340634,0.829398310105271,4
"0",1.2574986467879,1.21328952406212,4
"0",1.60118639461013,1.10230893813544,4
"1",1.0386842088069,1.04552098772532,4
"1",1.3772538648606,1.26626063715746,4
"1",0.978088938863147,1.06381581467383,4
"1",1.34588780529846,1.08972014910085,4
"0",1.03405870092936,1.14500941072226,4
"0",1.16260577839618,1.03312086956005,4
"1",1.06883747884649,1.07887639828373,4
"0",1.0025042871939,1.18461984518093,4
"0",1.03510362793123,1.2442543984546,4
"1",0.935699444231475,1.02852737009649,4
"1",1.14752644212226,0.850931282522819,4
"0",1.15748131700512,1.27727499081163,4
"1",0.685264350658196,0.957664576986597,4
"0",0.967431982564555,0.872615584267269,4
"0",1.01353387301766,0.797830229056246,4
"0",1.32029250502401,1.0598322316207,4
"0",0.874189408309447,0.934199486101975,4
"0",0.998274116124424,0.892847134320389,4
"0",0.693072432430715,1.45666574821071,4
"1",0.836913466188818,0.716143473108411,4
"0",0.81195396601339,0.575571233869798,4
"1",0.986869177109295,0.758246263550419,4
"0",1.23073964920946,0.797334743645188,4
"0",1.04469913422474,1.02309306321198,4
"0",1.07248313607581,1.04266547025468,4
"0",1.03928702762604,0.915646680618335,4
"0",0.816392576785419,0.520445597063652,4
"0",0.842814231784635,1.0450185770219,4
"1",1.24892844239205,1.05491384593057,4
"1",0.816388526290467,0.900283085260459,4
"0",0.900650227262936,0.892932757912599,4
"1",1.02727832207278,0.68965361385953,4
"1",0.880278546135252,0.825756253075593,4
"0",1.03662571885185,1.27030493355031,4
"0",0.820174693532855,0.965752638586269,4
"0",0.684513316811761,0.939769137608764,4
"0",0.81611659121061,1.06022358689306,4
"0",0.79160698126534,1.16757694976263,4
"0",0.919220005095713,1.09239987944523,4
"0",0.701748361535256,1.1358041738977,4
"0",1.121635789511,1.06838417797208,4
"0",1.09332930520054,1.0593721818502,4
"0",1.13991960844054,0.663752360977744,4
"0",1.19349568554422,0.832033123024577,4
"0",0.892947034618672,0.949146869058601,4
"1",0.695762381707057,0.886357197159819,4
"0",1.03816589649583,1.10054927179506,4
"0",1.56352366969198,0.796700191885444,4
"0",1.29536878945285,1.24630708812755,4
"0",1.07686296853205,0.656648915216979,4
"0",0.812596909450056,1.35906168551935,4
"0",0.856870130994751,0.954898016187862,4
"0",0.925090174368819,1.27026062541823,4
"0",1.14601707405875,1.03888637451633,4
"0",0.796167014840818,0.686317763040218,4
"0",0.852264245359931,0.699301708796342,4
"0",1.03490780465294,1.50310146954994,4
"0",0.777470036982453,1.01925073470329,4
"0",1.07066433180529,1.11722769271329,4
"0",1.0224543777085,1.41513227855001,4
"0",0.874464095343225,0.735086472485342,4
"1",0.906335639336039,1.10036014213187,4
"0",0.957291899113727,0.897957140596228,4
"0",0.868336514299523,1.11933562615964,4
"0",1.09045530631836,0.930827501915262,4
"0",1.09532316644877,1.20118956702072,4
"0",0.886623071443786,1.13543536239943,4
"0",0.762243678140093,0.969843234539276,4
"0",0.834410415650377,0.962492628017713,4
"0",1.25957866669398,0.924435828710145,4
"1",0.926955876553672,1.10331461219915,4
"0",0.963125729067758,1.23953764315808,4
"1",1.11981984377112,1.03640601778616,4
"0",0.675346418587037,1.19055502290808,4
"0",1.18095268377601,1.01238625922295,4
"0",0.64839147541829,1.08842202550074,4
"0",1.06921334932442,0.751345216512567,4
"0",0.703731846416061,1.08571455144535,4
"0",0.718795684486847,0.83124183435281,4
"0",0.987978196053337,1.2825333906887,4
"0",1.17025824343936,0.656752882499237,4
"0",1.27294522913814,1.18744055168838,4
"1",0.84974336624353,1.24990953076109,4
"0",0.946533432244067,0.759176902110815,4
"0",1.28314367419364,1.09166689707708,4
"1",0.924378181378259,0.873075734480895,4
"0",1.27326669576327,0.880418490961093,4
"0",1.16380809908638,0.771883666806764,4
"0",0.774509763540371,0.854197938760024,4
"0",1.0753922421759,1.10505915128044,4
"0",1.08812240925903,1.21024551118253,4
"0",0.693385569000223,1.15484452790164,4
"0",1.26496658492012,0.949660566441092,4
"0",1.40226631800636,0.946183106860088,4
"1",1.16332591135385,1.09736189726338,4
"1",0.614049666509665,1.01807925412923,4
"0",1.14832241264966,1.33280965263933,4
"1",0.496400380318866,0.870638468577668,4
"0",1.025200252413,0.78793744663756,4
"0",0.923288024634124,1.04328532603058,4
"1",1.18745546507744,0.834082941192571,4
"0",1.07900234977436,1.045261535702,4
"1",1.14567122439036,0.881232884023674,4
"0",0.690467434061139,0.966255244335489,4
"0",1.05931658612187,1.1277696209438,4
"0",0.998611179343232,1.03920108196812,4
"0",0.902678999519043,1.02601981980076,4
"0",1.07949072796064,1.23442929280666,4
"0",1.01358388208399,1.20278783471535,4
"0",0.804053954261802,0.61588827807264,4
"0",1.09137577297684,0.987638229403032,4
"0",0.898326608346994,0.762200732278442,4
"0",0.927513908301778,0.960759435944153,4
"0",1.01883514379794,1.10330912520751,4
"0",0.812319217135241,1.10770198718314,4
"0",0.583247701325675,1.12134333098277,4
"1",1.2825739003128,0.858857937560756,4
"1",0.754048614674003,0.790499332117816,4
"0",0.939071831133721,0.827420531790193,4
"0",0.77804332644422,0.864155818511131,4
"0",1.14143926396873,0.939619956383081,4
"0",1.31647047556275,0.953640199358563,4
"0",0.752422072774938,0.744038030206257,4
"1",0.728867245102791,0.454402619411161,4
"0",0.772064679248209,0.663421224591715,4
"1",0.932360530477944,0.809520667009935,4
"0",0.783436939647159,0.847524480050128,4
"0",0.66895534258925,0.761073513170058,4
"1",1.05846604647822,1.05094156168865,4
"1",0.980368328154232,0.851121249617838,4
"0",0.694054665415762,1.12907995268634,4
"0",0.79919055339219,1.17792607003313,4
"0",0.826537049844495,1.41306995677246,4
"0",0.778259740481218,1.18179559041098,4
"0",1.3367392137901,0.607939336841178,4
"1",0.958385827307074,0.93716098966223,4
"0",0.969385353591758,0.896184711458046,4
"0",0.806392768524846,0.985988359590136,4
