"y","x1","x2"
"1",0.753571106242883,-1.28998925028037
"1",1.09709670327187,-0.801729249921424
"1",-1.36061237783483,-0.58016326777989
"1",-0.645661786066953,-2.00998599521645
"1",-1.02127228891393,-0.863976239232623
"1",-1.95240249794197,-1.39792694654653
"1",1.66311546102982,-1.23921613071731
"1",-1.07129544753282,2.78527179667541
"1",0.00446912710813637,2.96799916291312
"1",1.971072694941,1.54719096282439
"1",0.81999363275269,2.46469273480788
"1",-1.35690378925791,2.02924127107914
"1",-0.635091722808808,2.71344223014765
"1",-0.142891320282211,1.4164472009278
"1",2.79532969143454,0.928220584518107
"1",-0.883548558980486,-2.65255861860827
"1",-1.33743310003168,1.43690530830064
"1",-1.26655007063926,1.24666716009538
"1",0.579011220305137,0.111072794758497
"1",0.264362578252118,-0.645821509176408
"1",-1.50555285159171,-3.16809572173078
"1",-0.351489330846511,0.0103755479186127
"1",2.69058233099797,1.64394692287832
"1",-1.87881027211747,1.56541266293256
"1",-1.62564123323803,1.41946234287826
"1",0.519086943778289,2.61984936390807
"1",0.0540607278129833,-2.41216427065154
"1",2.94274646445741,0.242625100218986
"1",-1.17544897978899,1.16822833951605
"1",-1.51484261961605,-2.78526627688696
"1",-0.256692055261552,-1.03563499175461
"1",1.36570881436267,0.599136934341694
"1",1.19516121053846,-1.65157591419618
"1",-1.87962159008695,-3.14706563774618
"1",-0.0959607998043956,0.600452900848401
"1",0.651545880770975,1.36308305782891
"1",-1.48206262344903,-0.765687562332216
"1",-0.826621897140524,-0.306228826530075
"1",0.394838087024468,-0.322967841142285
"1",1.50907736921773,-0.234163587847585
"1",-1.33898683354286,-2.10678696106667
"1",0.422079590699439,0.299076884303214
"1",2.03450210180491,0.0779092276727785
"1",1.45670794743144,-1.71282065720528
"1",-1.0712514392413,-0.885342921989101
"1",-0.782477738322663,-0.838983996770214
"1",2.21806663536346,-0.355582958832523
"1",-1.18208053346384,-2.2297900474018
"1",-0.488288877592265,-2.16218376578496
"1",-0.289145729769026,-0.35567103370516
"1",-2.40938373896124,1.75701959541169
"1",-0.584986023784009,1.34597271210763
"1",1.01344677848373,-0.375785662883308
"1",3.60031629539241,-0.743556776713876
"1",-2.3104516001792,-1.44601685949318
"1",0.334851034423677,-0.160055072673873
"1",-1.40854550399756,-2.02430722776
"1",-0.687894220138722,-3.80386472159971
"1",1.96773044026348,-0.628281305189389
"1",1.73627953315135,-0.286803348756343
"1",-0.254498753442472,-0.477219245777321
"1",1.63735789902589,-0.479523524292096
"1",-0.973457020524056,-2.48013445651249
"1",1.74617919883199,-0.681567390892208
"1",0.0301699327599109,0.719015118322122
"1",-1.49204653732261,1.52520898781305
"1",1.00245567399148,-0.802283605118348
"1",1.51542042661948,0.385741977452415
"1",0.649369042775579,1.32724148153697
"1",1.05911323234442,-0.218805828134071
"1",-2.75412702488893,-3.12037313703488
"1",0.306651361781382,1.4692915498045
"1",-1.09795399986454,-2.304138495706
"1",-2.67310287915627,1.42270803166975
"1",-3.1580336198744,0.588813468085852
"1",0.836201491211508,0.61340131551133
"1",2.7532481223476,-1.50857255665456
"1",-2.58701067477238,1.3234916357274
"1",-1.83918451330998,-2.15209978266637
"1",1.35604145079515,1.00257779621715
"1",-0.231605664231725,3.80258903490397
"1",-0.998206105343822,-0.708924665487188
"1",2.80469603147702,-1.64626256956996
"1",-0.37268044775977,-0.893481065364531
"1",-0.222602841978301,-1.60963848907802
"1",-1.84480876252795,1.62749812173717
"1",-1.74807450298777,-0.056859132079101
"1",-3.41613452632804,2.0114349842204
"1",-0.675160271825941,4.48995252768257
"1",-0.85730522783415,0.938737369358956
"1",-3.67909000941916,-4.15574873526876
"1",-1.84209298966213,-0.00973987342504743
"1",2.03724289491243,-1.60231759774658
"1",0.74144155841439,0.298271024743183
"1",0.459829934227466,0.0786790545617629
"1",-1.10615335020682,-1.04936703529279
"1",0.339845941765075,1.5144625574306
"1",-0.834528006508591,-0.360836980778041
"1",-0.470625105225174,-2.08371477489033
"1",-2.89990625521131,1.6859535524413
"1",-2.23834703338946,-0.895504457999203
"1",-0.134680380452971,-1.28804030589104
"1",-2.8090520609284,-0.388857125874645
"1",0.787780319594888,-0.948462957179971
"1",-1.64036087866679,0.818735131365071
"1",3.83859935068779,-1.59105461337798
"1",-3.51420821622758,1.10598408320151
"1",-2.15082660906618,-1.50232709560076
"1",0.780498471405634,2.68804008691209
"1",-0.36277078277851,0.294616867881207
"1",-1.58572816607073,2.08992560100272
"1",2.80289719743209,0.683706558606178
"1",1.71033976355002,-0.311202497801898
"1",0.703092732349566,2.07832464821782
"1",2.89748326928306,-1.77526299062538
"1",2.32878922028206,-2.112721215159
"1",-0.206012205418665,2.60325320837771
"1",1.53683561226134,-2.82546283898847
"1",2.99640418780806,-0.611667723507901
"1",-1.76484149076733,1.23031025930087
"1",-1.03757109956338,2.05642047730392
"1",1.84137501394568,1.70368083711801
"1",0.569882399577317,3.38619932479771
"1",2.60209180061422,-0.142626640761543
"1",1.79875730335906,-0.991321249930448
"1",-0.342588846293538,-1.89532743530532
"1",-0.167388802485189,-1.68800567869941
"1",-1.91753698860452,2.1986759897678
"1",0.504373904627179,1.0310174110146
"1",2.0846381998907,-0.374402252164764
"1",-2.26364367855811,-3.16091642143024
"1",-3.4523278221113,-0.731687221800461
"1",0.850998166492848,2.97598970610396
"1",2.47642322957756,-0.237146423269401
"1",-1.61555667746585,0.697635138844292
"1",-3.02785025845325,-0.91813821243532
"1",2.59490279063405,-0.949356588014334
"1",1.72724099247003,0.8739937234327
"1",-2.95602343136207,0.513789424971561
"1",-0.762898085671623,1.99852545932308
"1",-1.38559458072281,1.4719831598848
"1",-0.480877234043377,-2.8682285578232
"1",-0.196281311323591,1.00902313346302
"1",3.97482873844479,1.15780754861372
"1",2.33216241218943,1.41469489640079
"1",0.176064650713304,0.158209775091272
"1",1.10193750379474,-0.499662961481665
"1",-1.71171215321211,-1.41767144586667
"1",2.03461513660831,0.0971259472799012
"1",-1.97184446448813,1.36082405120117
"1",1.74498916766285,1.16354978549115
"1",-0.0759343357883872,-0.416824507836177
"1",0.187975261744674,-1.82857154533405
"1",-0.511672678091323,1.08880448000891
"1",-0.498083238304114,-2.34954395532273
"1",1.39810543778869,0.408544119065139
"1",-2.40630535767226,1.00004643163266
"1",1.65973166909364,0.356717051260515
"1",0.662054265055349,-1.22762587979475
"1",0.782817368386968,2.34022070695381
"1",1.07088989472363,-1.97016121785504
"1",0.23004345893848,-1.6301700672283
"1",-1.64745906698411,0.0826223920442529
"1",2.59262107465999,1.66251894428303
"1",-1.4356823976525,-0.432425945606322
"1",-2.4818121427263,-0.755977304184767
"1",-0.282118409885244,-0.602230626512352
"1",0.0648960558326106,2.33984805255165
"1",-3.11368800149798,-1.96998941037037
"1",-0.425257708493232,2.55866359239365
"1",3.30884755737213,-0.491422864971625
"1",-1.25694034737664,-1.42952675190237
"1",1.05897014283975,1.86954334030737
"1",-0.156637741801605,1.54398730761508
"1",0.359556143362607,2.99971140495351
"1",-3.37703947344568,-1.3320522610049
"1",-3.60827668302405,0.921983756028678
"1",-0.595723657969453,-2.33626242847298
"1",-0.572379389963063,1.41122116136027
"1",1.04859850267569,-0.667691654973125
"1",2.84104808633792,0.585857566370939
"1",0.663795504880105,1.66232129158664
"1",0.47979163844087,-1.88997404711872
"1",-0.739958796248373,-0.690700513785625
"1",0.189206156427009,-0.0610532334226357
"1",-0.655211557126853,-1.34140852190461
"1",0.119049928817999,0.0678063779921247
"1",0.00358170098633394,0.00245874015109039
"1",-0.298758836163587,0.688153870722413
"1",-0.0964604873927478,-0.142173789987014
"1",0.072408475536693,-1.50930753968666
"1",1.86372207684494,1.06143166094834
"1",-0.211432722310802,2.70925280499808
"1",0.188884391632967,-0.106837050316557
"1",2.38134029767818,-1.54995488048235
"1",0.243472427941292,0.845364619807039
"1",-0.133351945327346,-1.18703572961896
"1",0.321897512522442,1.22710930514172
"1",-0.0415197702236768,-1.93397430101958
"1",-2.92360519740802,-1.14943643571574
"0",5.15132639909155,1.09074393009172
"0",2.92557243192552,4.2067202808133
"0",1.49038960401341,4.51357408219944
"0",-0.786713173866582,5.93069825798067
"0",-3.53525810848643,2.98397634282061
"0",-3.74942798378586,-2.17859222922131
"0",2.65691946545173,-5.20977535299424
"0",-3.9284205587771,-0.0958701440358975
"0",-4.59585081338092,1.504222640039
"0",1.64041028479758,5.24782768369084
"0",0.427385872319163,-3.79463415966181
"0",-4.0129062104548,-4.17559844895985
"0",-2.32686746542926,1.9638930335509
"0",2.17812205031247,4.00261682543382
"0",-3.7929490967441,2.18373947575922
"0",-6.1564222453671,4.16663989428742
"0",-3.72671512550787,-1.58696133809793
"0",1.78231189170976,-5.82785289358489
"0",-3.19792101723138,-2.39168627814976
"0",-3.55292083560892,0.638331188519117
"0",-6.35853466734898,0.47309196344053
"0",-2.39104578053454,-2.95241152082184
"0",-5.99674828777684,-0.103643787630964
"0",3.19003915822492,2.16697231816046
"0",1.56686873783397,4.50846392421202
"0",-4.32913487375439,-3.36278809771044
"0",6.59305081503996,1.59297120832738
"0",-0.218241977697963,-4.73780105354232
"0",5.98349529228781,1.0903406672443
"0",-0.53153800151775,-3.35518066532209
"0",3.60735432725338,2.34815199013715
"0",4.71803925073602,3.34739068900755
"0",-5.60328786665715,-0.073617595249914
"0",5.33168338562048,1.26483083288821
"0",-4.32573396767838,-1.92438229565318
"0",-3.18350995092254,1.43384980704567
"0",6.43027867026624,0.804098232929539
"0",3.76796150634444,-1.60266364709365
"0",2.57378799529199,-4.5219341080151
"0",-3.27785679593804,-1.0065325784987
"0",3.64921801983566,-4.90290118136761
"0",2.81392538660756,-2.14823375703936
"0",-1.90443191029343,-2.74994448661765
"0",-1.60394946252362,-4.68765749560168
"0",-3.40145524448405,-3.9655244317282
"0",2.6864312975641,5.8978205729651
"0",-0.339387996030026,-5.2977783615748
"0",3.03399780168689,-5.13243857842947
"0",0.880665579467355,-4.27100762278806
"0",1.73404882802956,3.99783272408187
"0",0.434683015219513,4.8506046472445
"0",2.80265167573937,1.95515449808913
"0",-3.77565715731463,-3.21422519125467
"0",3.7205247267689,-3.44711677365165
"0",-4.69217430947996,1.70515412672434
"0",-3.51911767528179,1.71795036656601
"0",0.195108119492877,4.98403646348981
"0",-0.256923753947867,3.92115630758989
"0",-2.47550579797033,3.28959836176022
"0",-2.1326245786118,-5.35176148960388
"0",5.59398115046962,2.050455765622
"0",-6.72825228341092,0.838823747285819
"0",-4.81257251079322,-0.569541928634084
"0",1.04766352034998,3.57150171657519
"0",5.37806912568919,1.6623526312681
"0",-6.2117554659232,1.69077437697186
"0",-4.45603985759361,2.44838213765397
"0",0.768860930858206,5.68371761942885
"0",-2.07028156547484,4.9924669708027
"0",2.41730993514575,-4.63737858275949
"0",-1.94251568198124,-4.82818033458662
"0",0.227361976336387,-5.16967251198108
"0",-1.30551483944646,4.48919456727814
"0",-0.204020389653182,5.63489549254329
"0",4.4428950817253,2.20313555308275
"0",-3.96959882676463,-4.07533658912649
"0",2.24682230494229,5.82009941588748
"0",2.56481901210981,3.92605889490872
"0",4.07325803578208,-2.33536712554548
"0",1.27890091541043,3.14742205080227
"0",-5.33221358626259,3.14444104598828
"0",1.31594167585019,3.41565241455355
"0",5.18335173250608,0.0969025153009564
"0",0.726883247324996,3.84729936834456
"0",4.6521677276503,-3.14114291294737
"0",2.22276887132658,4.30873170305582
"0",-6.56689469024432,-0.634180113080254
"0",-3.08129391136144,2.83618468779202
"0",-2.80479909067533,5.13859838509795
"0",2.93399646122322,-1.30336579520531
"0",5.00691569613404,-0.178835228856876
"0",-5.17850675673627,-2.67243159412388
"0",-4.45167765316617,0.185935573738731
"0",0.494196533274583,-5.31867442289701
"0",-1.5314340647316,3.60235052058627
"0",-1.77519202721361,-4.47788355430999
"0",5.06027342666639,-3.5428219487128
"0",-5.84900414059613,0.394648263245947
"0",-3.29838475709579,0.0339672855531824
"0",5.33314871398494,-0.572267770195631
"0",-5.02501077150048,1.27572207309927
"0",2.64649796440121,-4.20118986607397
"0",-2.89390398697298,3.40457795946182
"0",-4.38389851598037,-4.2192673494771
"0",-1.32852803327771,2.14163407820425
"0",3.7343202326061,4.2610926691268
"0",-3.98858487273535,1.33050099123926
"0",-4.10513468018301,0.248680416531656
"0",1.99496404291235,-3.44980184425183
"0",2.60557523801867,3.79464880859615
"0",4.27933894279091,4.60891013504435
"0",-4.02757420558907,-0.689782138413751
"0",1.66746748087803,4.76567791098523
"0",-4.20405261346945,2.24099109921237
"0",3.95402055389063,-3.87091475311485
"0",-1.57097512937073,3.26819105485236
"0",2.53727418395683,1.82536465903184
"0",3.93192727178155,-3.20332516006805
"0",-0.908530740696929,3.62685678273771
"0",3.17749788742789,-4.70470249242228
"0",6.21938276538006,3.08932770806107
"0",-4.63789171611221,-0.753895490834583
"0",-5.67787963171341,-4.0597808376195
"0",-3.58897993319055,0.332606794542551
"0",4.22213736033442,-3.45038715493116
"0",3.87200290559646,4.74709021827052
"0",3.96507250079269,5.32284436960319
"0",-3.38027142869198,4.56185045890236
"0",-5.83431429410977,2.1780293165647
"0",-0.428124334780277,4.44914897542529
"0",-5.67868892118988,-1.84542391343928
"0",6.1045450476916,-2.04026676142695
"0",5.43290707966295,-2.49572641968773
"0",-5.4737996635962,-0.536906502195484
"0",-0.416800778192092,2.78400679779479
"0",1.8869521264805,5.25437075630875
"0",4.53735628182459,0.00956947006599207
"0",2.83410757933771,-4.45366153129378
"0",2.92608305010752,-1.3133549740061
"0",-3.99973614146511,-4.46991053144582
"0",2.34376316273404,-6.13762464219855
"0",3.80408354361313,-2.02584233998326
"0",3.43614814605509,4.00689084186057
"0",1.77938008374431,6.69966994928963
"0",-1.518251091424,-2.84564612246602
"0",2.65742230553221,4.88141276321835
"0",-6.17721019500033,0.27511637869274
"0",-2.79958782218873,-4.57929252741703
"0",-3.08476514789649,4.6632196426559
"0",6.55364440552996,-2.59839106311209
"0",2.73648914716485,3.941193487904
"0",-3.97079580121501,-2.1173256699815
"0",-0.20809917183867,4.53614802690576
"0",5.04838117117168,-0.18571040803083
"0",4.01076862979638,0.572690586629496
"0",4.71399208251188,0.11460147053906
"0",-1.68247869122699,-3.37370201564244
"0",-6.09579055619781,2.33848058786575
"0",0.343832581253193,-5.53236820298559
"0",3.49559984175464,5.47139773167954
"0",5.14266262848063,-0.0570129557196129
"0",0.798457617046272,4.85044593624235
"0",-5.5141840420626,0.695543080727078
"0",4.55078918000238,0.95887121436401
"0",-3.92962057056203,2.70422140962255
"0",1.21660794926033,-3.98430476284889
"0",4.18133880763019,-4.62830237967991
"0",4.12672785421335,-4.08672389321502
"0",-2.57051756115878,-4.15810480991682
"0",4.33124640013054,-3.10827847583446
"0",4.09383467083714,5.1656597852288
"0",4.11623925161628,1.21494032903638
"0",4.51547315044998,2.52005655914794
"0",-2.32388078255949,4.23145533253218
"0",-3.57619865877317,4.0253180205002
"0",-3.3461078901806,-1.71517723221329
"0",-3.82759091476347,2.89517700587137
"0",2.49072482569148,4.29182856808035
"0",0.352534232940402,4.48715388509285
"0",-3.5647032435109,-5.0056268500042
"0",-1.75181602831119,5.30586060741922
"0",-3.26543476050612,4.72367957764536
"0",4.55716392949617,2.48918651612568
"0",-4.63171527345325,-0.778549969369005
"0",1.98849360811223,2.29165789122349
"0",4.83680547359171,-3.19278947104553
"0",4.36993487870699,3.48179840766907
"0",2.93086785186335,-3.90731453252194
"0",-4.27871360410319,1.93721565193677
"0",-3.00893103805889,-5.82535522195537
"0",4.31555916932514,1.59031613982468
"0",1.21863298620793,6.04302121744365
"0",2.43616792194227,-3.33652331270105
"0",-5.08407633586114,-2.31113540240187
"0",3.02508237211164,4.05418620472377
"0",-3.71841766968701,0.10054604540147
"0",4.42368705988911,-0.150581407185771
"0",5.99992812584773,-0.15371377466179
"0",2.6465639314885,0.0218862475328102
"0",3.56791032477872,-4.40527943581322
"0",-6.23646739412924,-1.84720630205015
"0",1.89472989577153,-4.59706528629308
"0",-2.88422314681016,0.135307335025981
"0",1.11476976798612,3.7597764657683
"0",-5.13712234852534,1.66436808695611
"0",-2.33090876092484,-3.49234090973776
"0",-3.73773564906913,-3.19789143559503
"0",-1.18416496544428,2.57480770049135
"0",1.77321815090769,2.83872677069673
"0",4.51402642250282,1.48388451801219
"0",-2.06596107473714,4.1172411617351
"0",4.74598027804838,0.40907838326106
"0",5.58953775649546,1.15566006224723
"0",-6.51104123765233,-0.786721653210911
"0",4.23937334474534,-3.18172596530452
"0",-0.00817810861710863,4.23785134494234
"0",-4.22840038298385,-0.135484123998879
"0",1.55769128636206,5.16695364642931
"0",3.84436180334678,-3.94691554724733
"0",2.98112383570124,5.2514214644617
"0",2.55741952405419,-2.13711579348929
"0",2.4288948345682,5.05306689327538
"0",-0.0151490540768179,-5.95637981328561
"0",-4.00943447802794,-4.77549227407781
"0",-3.10783669003148,2.0994073106396
"0",2.69400568904527,2.95407379669345
"0",0.138174052245654,-2.34844397550556
"0",-5.34765483202568,-2.3134972312394
"0",5.43868865126927,2.02375130108984
"0",-1.7812664737167,-5.87151169066607
"0",5.16357157458493,-3.12956958079087
"0",-0.292969835178522,-4.64034397608484
"0",1.20528602042822,6.38670135455308
"0",3.4990793047261,2.65449001935405
"0",-3.6287882710586,1.89288946322205
"0",-2.29247038905762,-4.64899154611199
"0",4.8598980227748,2.73034727446929
"0",3.85293518581736,2.43973624823375
"0",-1.70202126302943,4.69142391557998
"0",-2.07568165071606,2.64551770306942
"0",-5.44873167815294,0.162706044871469
"0",-1.60751726604922,-3.30520822184818
"0",-4.4462327643604,-0.546623159440574
"0",-4.49557239574021,2.68419919342292
"0",2.40832110967961,-6.49906469771358
"0",1.52658474456996,3.36629727065914
"0",-6.12412703116344,-1.40869743033865
"0",4.84211422415439,4.80395163758187
"0",-2.84920772280674,-3.87803380638154
"0",3.86120054550184,-3.74378093659574
"0",3.90000232981621,1.08127711768974
"0",-4.39595905251663,-0.789263226427676
"0",-1.38024785658899,-6.30580367047249
"0",4.71890648443878,4.1348388180743
"0",1.74742284053963,-4.70303446725199
"0",-0.393140693043037,6.13810779617009
"0",1.03704069442682,3.68315149603025
"0",-3.94838903260972,-1.1071090706639
"0",-1.68532352746087,-3.04743482609278
"0",-1.0552220307273,2.87622841196933
"0",3.8849543861358,-2.93463142016834
"0",4.1906250190554,-0.0312639364701498
"0",3.36578417294889,-1.11501324564505
"0",-3.75175516234939,-0.488264798647912
"0",-0.782814347041958,-5.54190636430033
"0",3.43589184210313,1.9085770379787
"0",-4.57556942925802,-5.1834218842719
"0",-3.14571115345276,-2.59919711095019
"0",5.75481244496929,1.05593995235064
"0",-3.30278161417504,-3.85207447467756
"0",-3.49545213110371,4.11384160710918
"0",4.95307977725095,-3.70580518359701
"0",4.60274531637876,2.73410791752712
"0",0.428734657998833,-5.18814338401429
"0",1.97111457123295,6.22567200395788
"0",-3.56580615864108,5.00570302516629
"0",2.00339755332431,-5.71193672369377
"0",3.6765996013113,-1.50336375554132
"0",5.60959543638739,1.81379114753694
"0",1.86097063887887,4.12160975570694
"0",-2.8574698761949,-4.2664407229494
"0",4.45322609307459,3.57034312391867
"0",3.31086858539321,-3.54499657299238
"0",4.95585143133675,-2.69780099652854
"0",-1.76842568684885,-2.11104349933784
"0",6.04736410130874,1.31637213186019
"0",1.46970007753883,4.3104038100179
"0",-0.969169892608079,-0.878252569794925
"0",-2.49031142828946,-6.68350667008387
"0",-5.84818990440836,0.265254240380618
"0",-2.16804749855318,-4.2681482021876
"0",-0.129624499480836,3.96760373666934
"0",6.05016066565682,-0.863429319338116
"0",3.55528344641404,-0.779911885592178
"0",1.90071158710449,3.89407080436379
"0",4.96465864846559,1.3728863284268
"0",-1.43046870799346,-4.50764023774927
"0",0.887494831003671,-5.76047245679154
"0",0.917947673177586,-5.43244035463966
"0",-5.03664749059587,1.49953723870644
"0",-2.55485784562429,0.223659119049669
"0",-0.281578621261424,-3.91133789662863
"0",4.90862437333486,0.538186342723485
"0",-5.09462910019286,1.39633984827453
"0",4.83701270555906,-5.23624101225215
"0",-5.25972490157003,1.78238128509551
"0",4.62637937838433,-1.11101815860741
"0",-1.29357117406347,-4.34800350943847
"0",-6.54930726877998,2.08218345745825
"0",-0.728780951473432,-6.73954763247341
"0",4.12194532950402,-2.65974750602377
"0",-3.45343200379541,1.05482781149947
"0",-3.82166444301913,1.40601566038789
"0",-4.75536548597693,-4.17449334395946
"0",-0.518246943317911,-3.71957765705069
"0",3.2838837542875,1.51404594054403
"0",-0.356189669508342,-4.41376556665449
"0",-1.18314861019226,5.05636376100517
"0",5.6949211982912,3.80510943680131
"0",-4.85403299836135,-2.52353442699518
"0",2.73068284066685,-2.0080316954427
"0",-0.787951215700359,5.91492514669348
"0",-2.28702392815595,5.56942154042058
"0",4.15056432311699,-3.62076630531614
"0",2.46182617828771,-5.50916424200501
"0",0.284737300442468,4.83229142258895
"0",-4.57892451826901,-4.33384890960884
"0",-2.96296006036733,1.77255730753946
"0",3.07042562897394,2.45626714737896
"0",4.58380403069252,1.03542368334818
"0",-1.48776055208378,-3.60265758662209
"0",0.973304267964479,7.16448322681272
"0",5.09173532961222,0.0934217251802162
"0",-6.33194587770753,-1.11567440380646
"0",-0.266274776599443,5.53868781441822
"0",-0.496291801550851,5.30510330149595
"0",5.29628897488851,3.57651333811384
"0",1.50286680961676,-3.14507833824816
"0",3.41461897313425,-5.01923336141726
"0",-2.66793129803344,-1.53813288715452
"0",4.95031634824512,0.201082653740675
"0",2.96715155315958,4.8373944331504
"0",-2.34499855007951,4.33962060868687
"0",4.46706820611512,-2.21811162988463
"0",4.483842980585,-3.634142929244
"0",-4.20199283402471,1.7175690297199
"0",-3.6411077881084,6.31145013622331
"0",-3.60506061491048,3.45929995108128
"0",2.04215213286616,-3.55967289767509
"0",2.8049118152592,-3.55515275909937
"0",3.24268865789437,2.66633774885554
"0",2.65521139192575,4.39702337383053
"0",-2.79660604479031,3.79798342501097
"0",-2.05861675927455,-5.28257474456968
"0",-0.0708934302484775,5.02756985214346
"0",4.7898488063289,0.961528223673617
"0",-0.293601568127754,4.03888512475745
"0",4.0189218142455,-3.30030415624801
"0",-4.40470871669555,1.89201431132658
"0",3.88625637894597,-2.8472064484209
"0",-0.240525119827566,-4.41445411175753
"0",6.29997871702211,0.787672471438341
"0",6.14239729001416,-2.86180634297913
"0",-1.26216601053566,-4.41020006537519
"0",2.73782200244727,3.78428026292718
"0",1.11822738693023,4.74783262793068
"0",-1.28471746620576,2.61559577874302
"0",-2.93611662116777,2.80747537626995
"0",4.14657123725168,-0.443574050311505
"0",3.07116612137356,4.35726277962054
"0",1.1563524124115,5.49828005596739
"0",-1.55829061316681,-4.36285999931211
"0",-3.31726384956502,4.73462350861936
"0",-1.23295021954624,5.09371227925562
"0",-5.22998228639507,2.16006313815776
"0",-0.203022888865315,4.0718965162098
"0",-4.82081481560191,2.70615441638959
"0",-0.0551844941841405,3.63911909253444
"0",-0.88147141853965,4.37655214190324
"0",3.20730073739109,4.81259218152811
"0",0.765516300399478,5.43412995029647
"0",-2.0081999628768,5.19503813003002
"0",6.04276412175784,-2.44985496931354
"0",-4.94215747887429,2.94538842830735
"0",-4.72818227833153,4.74048120238312
"0",4.4316264131405,-0.510117786655217
"0",-0.808688194906759,4.11208354941735
"0",3.76755032855608,-2.19011217825892
"0",-2.65416751914886,-1.98133167894378
"0",-0.660531020855545,-3.40304614534796
"0",1.00553854905178,-5.91009753623456
"0",0.316892946712643,-6.46273347228287
"0",4.6752398029453,0.69888851127131
"0",3.10984963686944,-3.69190766176988
"0",-6.12561397304306,-0.653644617056198
"0",3.55425797096736,-1.80769859715034
"0",4.32250379719226,3.86588917569041
"0",1.32723363973326,-4.23066520278871
"0",-5.64954536178384,0.951141580995843
"0",-5.34137382411467,1.02241003154958
"0",4.26146311586472,2.5737893040659
"0",5.32525014061796,2.80133077892677
"0",5.78026354896939,0.697922425049849
"0",1.6619760115769,4.58514802158188
"0",4.23675944773246,0.880073023012808
"0",-4.55388982070367,-3.98163883515922
"0",1.69580792193639,-4.4645335815441
"0",-4.30621155847242,0.0957836644673171
"0",-2.52368482798101,-5.2918494467327
"0",-5.11424868012403,-1.77499182459237
"0",1.53684742576229,-2.84895831625697
"0",-1.41017838158325,6.45042735320705
"0",-2.43712089032474,-5.47768533285979
"0",-3.38684316942697,1.47981608161837
"0",3.5561388539027,3.5060065268051
"0",-6.69195980569203,3.92394757272633
"0",-4.74995334053182,-2.88197522685257
"0",-4.49850930903714,1.91869807118082
"0",-3.64115659275968,3.87389370437181
"0",2.92370031824341,-2.77972538352586
"0",4.29734425442999,-2.808982070441
"0",-1.02815970600381,3.81882532456854
"0",3.89434066094238,2.94693358242712
"0",-4.75198570041055,-0.452343963838077
"0",3.21752113804291,-2.5233987255372
"0",1.69354440519563,5.3229965792977
"0",-0.0726855776151666,6.52069128737859
"0",5.78064831083647,0.607515076802912
"0",2.88047850321079,4.06788561927743
"0",-4.87675043713038,-0.922242873945554
"0",4.07316932853878,-0.0048805696818481
"0",-4.00953127240417,4.95330342980779
"0",1.49209666670624,4.72371738681671
"0",-3.2346266611857,-4.70124389537839
"0",-1.77125971174721,-3.80243434036027
"0",3.38986732810062,-4.81568076392411
"0",-3.89127089865244,1.23866252241269
"0",-2.16775058826347,-5.70843943979056
"0",5.73649316694954,2.85379805991668
"0",5.39582040551042,1.85813462824583
"0",-4.02059909980124,-3.9392995129926
"0",0.0122347507582939,4.46050579458113
"0",-1.43427205682439,5.19952981914812
"0",-4.72555084407231,-0.589992774462316
"0",0.79862193683866,-3.49750622285496
"0",4.60936938940579,-2.71926221171867
"0",-3.96953956352408,4.11798970338643
"0",-3.3910303790797,3.33699511316583
"0",2.99875684322063,-1.87884069724508
"0",-3.33895577155204,-4.76273199507416
"0",-3.70045296639969,1.7209291495632
"0",-4.07385624338573,0.13523580825268
"0",-1.40373796323747,-6.05354335321588
"0",2.58291391913369,-2.29035160731914
"0",1.90260900890659,-3.42051158972987
"0",3.8434970213645,2.6632292888278
"0",1.66011815675341,4.93786833623585
"0",-3.98550370630721,-3.60771877514683
"0",3.55121833679398,2.28576697913148
"0",-3.09762405180121,-4.93588917681069
"0",-6.18029752514966,1.0662893740952
"0",0.176605428606847,-6.55093595632387
"0",-5.67449235134861,1.1371972560628
"0",-3.13054281465581,4.09977498129486
"0",-5.63625325023224,-1.47037267441833
"0",1.48393905409505,6.09296281471996
"0",-0.139196739012294,5.07360676219768
"0",3.93662682975268,-2.67443973279209
"0",5.77103047046298,2.07178422598322
"0",-3.86349908773574,-2.01938995393066
"0",4.3186607707625,-4.01212450777437
"0",-0.0641798772885756,6.26853950144102
"0",-3.69664279533408,2.1972691747043
"0",3.4684331748087,-2.16781996532206
"0",-6.19601786949158,-0.811793951820094
"0",5.25207311646328,-0.861979345396674
"0",3.42833159137435,-2.47518125315123
"0",0.335672223776127,6.6240752062793
"0",-1.88011659645129,-3.72524824487129
"0",-5.46710313888923,2.88404858655117
"0",5.04536497123497,4.54553196582224
"0",-4.1935696502544,-2.0163158632587
"0",-0.238489517565335,4.54909356389978
"0",-0.251715008285087,5.7064674183274
"0",-4.27318420685125,2.90863436443023
"0",-3.22542195725321,1.16281068714133
"0",4.29633600230893,1.12823501343452
"0",5.59718142740512,-1.7872828169483
"0",-5.45992651803295,-1.96443297084898
"0",-3.37184190082381,-1.14041398193638
"0",-4.88964425565409,-2.17109926131261
"0",3.45614483066904,-3.51273747656665
"0",4.83131015682962,-3.17943337359089
"0",-1.37084378223829,6.05646891616708
"0",-2.57218084982614,4.64715431671303
"0",3.37913317838688,-3.42607002934143
"0",-1.97568576530957,4.50344482117362
"0",4.43159789682854,-2.61620426017368
"0",5.76795070213822,3.24922403495263
"0",3.1013160561939,1.37266333614914
"0",-1.74794716849022,-5.20577876196353
"0",1.23526342661417,5.53733152288537
"0",-1.64513091358172,-4.22437936416778
"0",-3.75962725894111,2.0435572059871
"0",-0.513546132455156,4.47978414378522
"0",3.25722081642134,2.6717969371396
"0",-3.81556241441838,3.87199211230912
"0",6.1045731632899,1.22332007870136
"0",-2.41988642278113,4.27470955589409
"0",2.90375847818004,3.2849301130405
"0",-4.65710456592,-3.63414938551181
"0",-1.88148462517982,3.62478364898702
"0",5.64589681989183,1.73871270620578
"0",-3.43394554871027,-1.94881254848069
"0",-1.89528453791771,-4.19962792791721
"0",2.55135213601597,4.83617564798356
"0",0.626824385811504,3.62935909670979
"0",-2.4059512965022,2.08788091247632
"0",3.46271450988404,-0.923452675033844
"0",-1.78035132325025,5.65951688788426
"0",0.535454467741106,-5.21331563137102
"0",-0.0990355081276356,2.40509472794468
"0",3.04269073073314,2.57660028571226
"0",-5.73174702803536,0.00186288732373281
"0",2.51536207467949,3.07872591880031
"0",3.60368918891817,-5.26527686720259
"0",3.78208815599216,4.42246632660145
"0",2.60109172791051,-3.00430660126598
"0",-0.169339698863762,4.43855261621199
"0",2.31362108438758,5.78421416746751
"0",4.14312127079306,-0.271750807815404
"0",2.43821831740035,4.03585406941019
"0",3.79758253591311,0.704786514189246
"0",-3.14715469241214,-1.16928359900849
"0",5.59853723568369,-1.96740157721657
"0",-5.02470732420124,-1.07832296590568
"0",2.67871678059712,-5.33460783707534
"0",4.87753393427142,-1.91962981404949
"0",0.743303255635212,4.58935493822998
"0",-2.42788423237524,-0.942840244690834
"0",-3.99560497940231,2.80910819875622
"0",4.77181218804177,-0.0176927178000493
"0",2.76777992122266,-3.33482335068559
"0",-4.85979664588237,1.84126166042641
"0",-4.33266930166686,0.847351776205642
"0",0.661198600836207,-4.77714094328516
"0",4.24836421780946,4.18790106575968
"0",-3.7192116614246,2.25508353076295
"0",5.21661099444196,-1.96046134702948
"0",3.76203720685418,3.42635363688071
"0",5.07227717648186,0.0232593454930965
"0",2.28338233665139,-0.667840402160034
"0",-4.94636405214722,0.75011023870069
"0",-4.77694487544714,1.31043520817688
"0",0.403319834271352,-4.81294448400965
"0",0.759312792433537,-6.97313353931277
"0",-3.88065033504568,-1.46723912969299
"0",2.79379114025016,4.01090512569504
"0",3.96180057096317,-0.411940904158786
"0",0.41781504190896,-2.16922963554488
"0",-4.87457695383715,0.575358157941209
"0",2.91721509310849,3.8192269374423
"0",-4.11591882267893,-4.66106167686976
"0",5.33730535428277,1.86074395996524
"0",1.34070644242802,2.41103139034964
"0",-4.28326519785357,-2.66741610627774
"0",1.71329110102037,3.22154464465894
"0",4.89779881385797,-2.13341177784783
"0",3.98215454380877,-3.96021670923932
"0",-2.04249842266232,4.99928568087753
"0",2.12159428902916,4.52292170697581
"0",6.73832073751417,0.374330248459639
"0",5.65618483972006,-1.98880201282717
"0",-2.17218722326687,3.83635372477746
"0",1.46721594565833,4.43087986311135
"0",-1.87103641076908,0.653867964813091
"0",1.44812052027093,4.79264530341062
"0",1.75096564945026,4.90123259577379
"0",0.313420027229916,-3.95358454811673
"0",5.58500548125601,0.474658598462022
"0",3.71048849453521,2.52522650753895
"0",2.21237144091732,6.31950139428914
"0",3.0620632802794,-2.58025086682943
"0",-5.99624031815115,0.991712473707518
"0",1.38943365127729,5.26408151508501
"0",-3.92154331959833,3.373372733101
"0",-0.269332905204224,-3.9010883944116
"0",-1.01667153572529,1.88349455315514
"0",-4.00427240708717,-5.60507885777944
"0",5.09559996723,2.96908463158439
"0",-0.067107987567653,-5.3751389253968
"0",0.486397063498755,4.3540814765615
"0",-3.99477749616945,-0.905341872029708
"0",-0.576569725442993,-5.90557609544643
"0",-3.08870011025519,2.89497138249965
"0",-3.94093475797526,4.42371861448732
"0",-1.1821073852436,5.01464240248458
"0",1.62917909083152,-3.60089902165769
"0",-5.25077631044081,0.230966699143741
"0",2.37822560518862,3.39820117623739
"0",-5.26280657399142,-3.23201201576088
"0",1.42314506219073,3.41292076834326
"0",-5.44695807505131,0.813107895299388
"0",-5.32963002514635,1.99788598517737
"0",-3.96561158641675,6.02163586725067
"0",3.41842464587453,0.541396728935316
"0",3.08297819681629,3.5295313463428
"0",-3.00180110297615,5.95340175433647
"0",2.4103100554075,3.48717285303629
"0",-4.01906954531772,-2.76234459157871
"0",3.99867311662162,-4.52127122693154
"0",4.40777669604107,-2.48085674576575
"0",1.70189201996011,-4.27398503783737
"0",4.67613106726488,0.565503444014498
"0",2.71855472319717,-4.26225525274415
"0",3.25320274392621,-1.6545206569362
"0",4.03248703659588,-3.44022366197159
"0",3.50061409510915,-3.08378994826112
"0",2.37756021614256,4.61499874746848
"0",-3.450950911584,5.71395949827441
"0",-0.504408043828355,4.94399256957863
"0",-0.194525982442008,5.80774135220943
"0",-4.2269480712957,-4.08901928091414
"0",-2.9025700606886,-2.65178142778342
"0",5.30957393095005,-3.11173575810172
"0",4.02670432066841,-3.2101759122589
"0",-3.58164314796807,-3.28173637879314
"0",-3.25038780436963,4.01132053797605
"0",-3.52304225814068,3.93672623940764
"0",-6.77881668246001,-0.558250778332198
"0",3.12749982616815,2.54623104614801
"0",-3.20643561250485,0.458468139703454
"0",1.98789031352849,4.70679074286074
"0",-3.84987667837461,-0.114181051764846
"0",-4.01577138151223,-2.93848101355196
"0",-0.920371266757352,4.12413511177536
"0",-2.5501621196342,-1.12901374179905
"0",1.3991353361823,-4.1816729775047
"0",3.84398509708786,1.68305129507829
"0",-3.34681179474143,-3.42671376875078
"0",-0.102937385977122,5.37810460410196
"0",-1.20047900882862,5.49559095923377
"0",2.79297252285806,-5.48224761544441
"0",2.51363719551945,-2.94062989658584
"0",4.95569896354183,-0.49647059023725
"0",-3.64562704050187,-5.0001944926046
"0",-3.56668828935972,-2.84395823557201
"0",-4.25374658644365,0.955249435929057
"0",4.10711827619026,3.52577679704021
"0",-4.55497475936261,1.04738210655665
"0",6.11551808985133,2.21142965857673
"0",-3.03754481195221,2.47286957398258
"0",-6.96236056031973,0.421313639135758
"0",-2.39476707839272,4.13606243847044
"0",4.42852199597011,-2.40189941638814
"0",-3.1768360731058,4.16822812034321
"0",-2.73065814280117,6.03350256471141
"0",-4.1244917502275,-2.05321288085352
"0",-3.13183966710761,-4.32557313731662
"0",-4.67137292057066,3.24454691881385
"0",4.92718535450218,1.50964040718155
"0",-0.771358134709778,-5.73695383825396
"0",4.4169437860415,0.782738817099878
"0",-1.82148956283236,-1.45736514609705
"0",-2.50418131705639,-5.97585765430212
"0",3.35335990521191,-2.01443196997957
"0",3.08479705884632,-0.463077600751397
"0",3.91549314932486,-4.20976342564732
"0",1.68522366473528,-3.96024519065082
"0",5.4031665259764,4.67448353683944
"0",1.38170843037952,-4.94836647826213
"0",-0.0909431496216114,4.46886008426316
"0",-4.89113907296744,2.27152975609915
"0",-3.96943596546158,2.22033090686611
"0",2.75350562205966,3.41910278456055
"0",2.8103244855934,4.46933717455467
"0",2.89513941649655,-4.31305507408595
"0",4.33401486916007,-4.08497851347855
"0",-4.64071534929351,2.53163778585339
"0",1.43739210639279,-4.97282215263704
"0",-4.30911109563958,-2.26323832767469
"0",-2.74698422140327,-5.28271231803059
"0",-4.04627954280854,-3.35623674434435
"0",-4.40535014918807,4.61934118618507
"0",-4.00316841961715,2.67185423205777
"0",3.51716799802404,-2.98944337269441
"0",-4.32050519664751,-2.163277892841
"0",-4.2769057610691,2.86148473029048
"0",-4.07208029538864,0.871643890227594
"0",2.67088396460748,-4.46006982611255
"0",-2.03994640579483,6.53618505128445
"0",5.26247211430847,-0.259428781533068
"0",-4.20848092196986,-2.52151427179467
"0",0.547696771468047,-3.95297133888757
"0",-4.05967770493497,-2.85250651946343
"0",4.01507512703196,1.53692670783005
"0",-5.56700832958195,1.5989864802729
"0",-4.01588171215402,-2.24738998309484
"0",6.33609459928539,-0.5872106298955
"0",-1.01634527171976,-5.29704471349038
"0",-3.34930952997314,0.0125720487654409
"0",4.61197145055163,-3.19652672238064
"0",-7.47151686938558,-0.174892922931304
"0",2.55591496595393,-5.61441856935929
"0",-3.2400004278137,-2.96652517678555
"0",1.028680799048,-5.81272235168213
"0",-1.17128472250663,-4.51637504572979
"0",-2.85227559771153,6.22833376728533
"0",0.747733533271368,-5.19093929410906
"0",-1.91329321170028,5.31852549414449
"0",3.74268397129233,-1.36510976896768
"0",-4.19235652279992,3.86979892149008
"0",3.76395433790831,-2.83374666690502
"0",6.12295730735035,-2.50274223515338
"0",-2.27023220580422,1.94008887331666
"0",3.06059281053162,-4.72384036468381
"0",3.97228590669852,-2.28030684628325
"0",-3.14325683723885,0.586173875246542
"0",4.78368019169548,-3.32086973738538
"0",-3.08423964983187,-3.23574426534386
"0",5.08505655835265,-1.49435142053218
"0",2.11466953888314,-6.12702204989367
"0",-5.77054394871616,1.05087307169252
"0",1.54031488734483,5.03651447348963
"0",-5.14575761217419,1.67374495367867
"0",2.66695886841284,-3.93885010787072
"0",-3.23070374875402,3.14520439652373
"0",-1.55293054758269,5.24748455886291
"0",2.27696621843954,-3.35918453263101
"0",4.17337910270433,2.96871501548496
"0",-2.40416174800815,-3.72685064206846
"0",-3.82828486119339,-2.2421044187431
"0",-3.78252528550143,0.452446716115629
"0",4.72464106393796,-2.02074642877892
"0",-6.08290504985782,0.937178579715628
"0",3.59452559558231,3.25118264409046
"0",2.59624120142276,3.57392309548266
"0",2.85207776350748,-3.77351427160844
"0",3.08659062896991,-3.89787173524259
"0",2.25322729986415,4.27901672356272
"0",-2.75663903877769,-6.05399760233383
"0",2.09913272002737,-5.56347914266038
"0",1.50322548353531,2.92335226425739
"0",-4.73155178864421,1.85395403521201
"0",2.49999873548208,-2.72939592424358
"0",0.832748020238938,-6.02113802337594
"0",4.42607408755253,-3.10086493787013
"0",0.404610844778691,4.99462052057561
"0",4.28046479299361,-2.64003868200048
"0",4.83651199409852,3.92745479177387
"0",0.200909357359919,5.055443461388
"0",5.82305241537568,0.374192656896122
"0",-1.16648265064638,3.01298153846431
"0",-1.36561839430092,-2.84089666195444
"0",5.38391973681859,-1.95426511274109
"0",-3.45286842003524,-2.56612278732907
"0",5.37819147622591,-1.70090611782363
"0",-2.87875263191678,6.69298370089994
"0",4.3608828276547,-3.75744908860967
"0",1.21541468690066,2.48566913853557
"0",-2.84318031558928,-2.87215457808684
"0",-1.88497098888333,4.60582134881282
"0",-4.8134222639,2.67487259838319
"0",2.5992755316391,-4.10832485687588
"0",-7.32993068572482,-0.454194908220413
"0",-4.86802559197463,0.864636839607117
"0",-4.04813258772618,-3.04233926567483
"0",-2.90883421280921,-4.67341258765595
"0",-3.19965508918353,-2.60162521613946
"0",-0.715291367130141,4.1861734610494
"0",-3.14250766292897,4.55002340972963
"0",4.42795693124356,-1.76657221431525
"0",-3.24311846287733,-5.8617027638236
"0",-3.4964161361765,-3.23919397780237
"0",-2.04998340958343,3.2831201544537
"0",-1.78354463483048,-4.18350072132206
"0",4.29702974909713,-5.7201273754988
"0",2.13988785965097,4.23367242785283
"0",-5.04058129968091,2.77152426804312
"0",-0.904023437401419,4.80167385820526
"0",2.81246649043798,4.49908049696133
"0",-2.62260168703636,4.13954792449287
"0",5.30610750612415,-1.03879567296583
"0",5.20739010477677,-1.35343463146623
"0",3.56979469864495,-1.73778783448001
"0",1.15873884836478,-4.85585245214801
"0",5.33268995125585,1.96222471612208
"0",-3.14493443611998,4.29182286194009
"0",-3.32814814367595,4.22899648839603
"0",3.4671576015535,-0.290249769905277
"0",-4.83794737222655,0.0291090401717767
"0",6.32061521118766,2.08875038480521
"0",0.964046599537002,4.96608561350616
"0",-2.07799388192291,-5.18519982737242
"0",0.757316746705816,-5.17169269217823
"0",4.89194492359195,3.38085434573368
"0",-3.89077827425274,-3.34479233432131
"0",-3.64055558240983,-4.32565542463153
"0",4.83791121291287,-2.10394080695967
"0",0.0174525526223455,-5.46363514518761
"0",2.07498373093985,-4.28443920317408
"0",3.76742666675974,-1.52611957956955
"0",4.26690675499781,0.912300931650765
"0",0.151894027116045,-5.71857991755565
"0",1.16863866136128,-5.58501979113299
"0",-4.37523200985833,2.23321271673973
"0",4.60648191917129,-2.53408948755556
"0",-1.54357953972675,-4.66646048519244
"0",-1.00539257548118,-5.48455988861829
"0",6.26474197942017,-1.02176869409286
"0",3.57125311356944,-2.05631067191858
"0",-3.87659588231806,4.5307418588484
"0",-5.67996487668121,0.920997943512049
"0",4.28484366595858,-4.7760783058052
"0",2.15712408084524,-4.11148182254076
"0",0.106428541570172,-4.85112868419995
"0",0.875210571166506,-4.35634130171412
"0",-4.69062381962633,3.34259412955262
"0",-3.25137041801251,3.25114043089866
"0",-3.46506343773428,6.77949306251948
"0",-3.86215604999229,-4.48578544296713
"0",0.726093450473711,-4.20618637628747
"0",-3.23318305314686,4.15106303624855
"0",-0.669854236538121,-2.82486826378916
"0",-2.10791197962219,2.65949175541819
"0",3.28248315374193,-1.22147891863491
"0",-4.41620170565489,-0.405872895837596
"0",-1.16397172581794,-2.95588227485931
"0",-3.4222132606467,-2.98146919944892
"0",-5.04204847602499,1.70831004631315
"0",-3.42564829613124,4.59711249702995
"0",1.34625068757771,2.31998111345366
"0",-2.16038004173104,1.86648510926515
"0",3.56794668541938,1.00177178539667
"0",-2.27452062823369,4.39119851815345
"0",3.39772009828198,2.37100559855975
"0",3.79145518051326,-5.89744172147279
"0",-3.55507085920431,-1.25158574502067
"0",2.88161460403916,3.69035354805385
"0",6.06759643341259,0.265548580823081
"0",5.11875164700055,1.34287515988676
"0",4.50029669968556,-0.638753012463563
"0",1.29457910341543,-2.60467563287697
"0",3.92464873334924,-3.8150144519854
"0",2.26650376525015,3.12180660065743
"0",-5.21563771206651,-3.15748105045604
"0",-4.62710606100224,2.13018183582156
"0",4.92495371809041,1.24597573916049
"0",-6.06979911725763,0.00695935993781878
"0",-4.91312932725637,-1.97820987828814
"0",-3.19216953025955,-1.02004494439347
"0",-1.6034743031526,3.04727629846489
"0",-1.06808263165201,5.20313865175955
"0",2.23911113546233,-4.96877452547934
"0",0.549901153820762,3.01820828212479
"0",2.79104615887496,5.42489888791408
"0",-1.25440153924854,5.96030592864369
"0",2.85084205731179,4.6109248652539
"0",4.83547038732832,1.97100741972607
"0",-1.16894971712811,4.28556572834689
"0",2.76101051930278,5.39824491211901
"0",-5.95286360654377,0.96373946024848
"0",-1.08331883395884,-6.12671523214691
"0",2.96869783690078,4.09637290832849
"0",-4.72383038284909,0.348739138572982
"0",-6.0035171033677,0.429978685787034
"0",5.95097545632569,-1.07193779281736
"0",2.76297571397077,4.19891165013028
"0",3.29930957878161,2.81034612137833
"0",-3.03941103537407,-3.20096958951023
"0",1.94979630123813,-5.66956337724516
"0",-4.68088705794496,1.40623678813591
"0",4.1710779651198,-3.55424970137689
"0",-4.98691461194661,-2.810139004809
"0",1.97158660226249,-5.11355324313258
"0",2.89307817584642,-4.6713706053774
"0",-0.682251541391675,-2.82560533898034
"0",2.3283228010182,3.01542972462571
"0",-2.76012123290312,1.02299002341042
"0",-4.21086521387723,-4.42836603437372
"0",2.87295564821052,2.20516297164887
"0",-2.50415674343671,4.2179091607614
"0",5.40347373562993,-1.66017775452727
"0",5.89020633226103,0.796674889047315
"0",-4.72568180780089,3.97505412649123
"0",-4.40841631411041,-2.01793756460972
"0",-3.31850828296042,5.62829662181584
"0",3.23053389265314,-1.96556298626659
"0",-5.27339282531321,-0.547651732108144
"0",-4.23531473837769,-0.174165346803167
"0",-2.49038435199186,-6.69175638988587
"0",2.88100482544438,1.5242428290116
"0",2.85718778794333,-4.53864373732746
"0",4.97641608997762,-3.67775179977199
"0",-2.70176322457019,-2.99319798232649
"0",-2.35654871975959,2.80992726104703
"0",-3.37077580471728,-2.59653403370579
"0",2.98733944747638,1.45245715098785
"0",-3.31527089024019,-4.41024487652385
"0",-5.32656136162094,2.97773370407469
"0",1.12600098819678,4.76027727240293
"0",-4.54440718685201,-1.48123926376252
"0",4.03267381804004,3.9756660200498
"0",4.15530173401356,-3.59689661554998
"0",-1.62460053058704,7.32167541466334
"0",5.01889956176497,0.47361256998037
"0",-1.53892335120977,-3.49750632286825
"0",-0.955785306161358,-5.64239891192802
"0",4.37798858333467,-3.82082670337355
"0",-5.14585588670829,-0.125529070934116
"0",5.25174922844612,2.44183843459951
"0",3.51813357769874,-3.15032707255141
"0",-1.29720431836572,-4.51824943313321
"0",4.41044033539827,-2.59044234413318
"0",2.32435249295148,-2.37965894097004
"0",-5.2561904668928,1.90064993839551
"0",-0.401069185694983,-5.4772788010207
"0",5.34838499643379,1.92219628250957
"0",-2.56135537541776,5.94558807545758
"0",-1.21100990700865,-4.95512304255217
"0",2.72597387957617,-2.07377506391975
"0",-0.284595162321553,2.78877800215063
"0",-2.34192386560313,4.38775897007312
"0",5.15223443114681,1.09085446835293
"0",7.23144201767639,1.64664129414818
"0",4.87154785156012,-1.47309869774521
"0",4.24438100722727,-3.45886708849448
"0",2.47623604364511,-3.29329898427142
"0",3.57207275515478,2.92578642540586
"0",-2.5729943111232,4.34481234499713
"0",-2.29004418886246,-1.99181457595982
"0",4.27025465529748,-4.77981245988091
"0",5.56591055269844,-3.31708484763303
"0",5.2489883772477,-0.347029848931258
"0",4.91174260558519,-1.71520164148409
"0",5.31958444125174,-1.11850540830471
"0",-1.34797061511818,-2.49251296551936
"0",1.95649294487021,-6.13815207793944
"0",-1.08625936449268,-4.08885774395332
"0",-4.7996413299617,-0.526772323497931
"0",-0.831640671418555,4.78498800367349
"0",-4.451360258137,0.246715873232996
"0",-4.28686989985768,0.0450406425872859
"0",3.26236478432267,4.80403463873164
"0",3.92387066154424,-1.97100614548572
"0",2.96330415281244,6.03676221604659
"0",3.76255218237674,-0.561640279081842
"0",-2.66929803090535,-3.53634250592784
"0",5.09434800321128,-2.16400744408301
"0",-5.6919752105319,-0.663243649288182
"0",-4.10132252453311,-0.545639362127669
"0",-4.0207508684648,2.84321798791074
"0",-3.4216869174668,1.9732112073368
"0",-0.795038632099336,5.91697274555293
"0",3.91433207741672,-3.63407416961878
"0",1.38878494862776,-4.26730896179075
"0",-0.377562971796148,3.53891444311529
"0",-1.20478571237173,-4.51063633466538
"0",3.11566537879673,2.34576227531109
"0",0.152571655511672,-5.2151102910301
"0",3.2864388632281,1.98915298958312
"0",-3.09729518073107,2.62060302973422
"0",-4.12611371093147,-3.1154198947344
"0",-1.5330173677036,-2.25025174444853
"0",4.14811772922276,-3.60291473667186
"0",-4.71173883835966,-2.68268784054697
"0",3.19392735724067,2.07152741705637
"0",-2.45389876899444,-3.75512299759062
"0",-0.532039906585934,-2.72491228085595
"0",-3.5326613219731,-3.63585120426179
"0",-1.64119399647006,4.82561605675851
"0",1.69946146702755,-6.56216953912338
"0",4.07814263586982,-3.63934160975623
"0",-4.27030987032039,0.369735038125391
"0",-5.41091905848017,0.462977235168247
"0",-2.01191575541749,-3.23275584269351
"0",5.6438182304124,0.20649765021838
"0",-1.95685985581912,-5.42354892279691
"0",5.25108815068048,2.33868841563312
"0",5.62548017697165,0.408678350818083
"0",-0.326565411504932,3.10451059103417
"0",3.76705808051096,-3.93318556077504
"0",4.23865454250231,-1.0848118160342
"0",-5.26932370590225,-2.50362464545336
"0",-0.933881849405529,-3.89125102454351
"0",3.16110665222355,3.97864956385703
"0",-5.70157196266458,2.4359706862809
"0",1.74283007518841,4.47515838803046
"0",-1.41105089572449,4.39420870396127
"0",4.35543286926736,-0.75877546311319
"0",-4.41529707004463,-1.86863983342251
"0",2.58110459721713,3.47525986371406
"0",-4.24444838739574,5.79944796067175
"0",-0.606768724259054,-4.10137563541545
"0",2.73647008379063,-3.52737457930229
"0",3.69028571752803,-2.60462356181292
"0",-0.339157807222183,4.89627325755159
"0",-2.76443005538997,4.76689866555338
"0",1.53822881021656,4.83153603214249
"0",3.32805197699635,-0.263846456099924
"0",-5.20251655599949,-1.7759163561777
"0",-6.07106160826246,1.09638661897926
"0",-3.63032773136043,-1.79583966518007
"0",2.38469510246135,-4.44078279442506
"0",-4.92955288108219,2.10952043421579
"0",1.86182515081941,3.42134392427715
"0",-2.9458181055659,3.25334603131531
"0",5.07906188623494,-0.279086676428746
"0",0.0313104599789346,5.638350172934
"0",-4.51766236108236,1.9464388612642
"0",3.46427758919947,-2.83680835892303
"0",0.948450262130627,-4.3874110041031
"0",5.76413772132285,0.941335694993625
"0",-5.04449782585446,3.9594860162534
"0",-3.25050616335423,-4.78650621257365
"0",-4.56910560774845,-1.60213947560624
"0",-1.27041844559733,-6.44153959369471
"0",-2.69806082080933,-4.19314166084305
"0",3.52941102572284,-2.0764958574569
"0",1.558861406032,-2.94100741963802
"0",-4.2390567244262,-3.48678558732156
"0",0.679913436689913,-4.26756906490963
"0",-4.16137344158453,0.020448503720968
"0",-2.30458032695011,2.49331073900533
"0",2.92885148534555,-6.93681451087914
"0",-5.39780340639681,1.78760257496745
"0",-0.326558553468977,5.08428818658645
"0",-2.03393171090462,1.86073095437871
"0",-3.7707959820784,1.90378150505159
"0",-1.51638662889015,4.00193899529156
"0",-3.65996315997617,2.03299306242868
"0",-0.973257471425807,5.3006898512973
"0",3.37009753548716,-3.52200282772289
"0",-3.68810755519075,2.77704794552263
"0",-4.37421941343986,1.91169012557568
"0",4.66868315387567,3.67307216727471
"0",1.69945854424624,6.52883639504095
"0",-6.09537984587043,2.84576106249812
"0",-4.41545294377879,-1.90647701868711
"0",-5.40415367857209,-2.10678469521387
"0",0.117530368581021,4.68311233903134
"0",-0.264446270230518,-6.54074710350641
"0",-1.85114136570383,3.8445041894659
"0",4.27914123813629,-0.511774044967393
"0",4.78761053457622,-3.68713187577703
"0",-3.31311521686907,4.05854619821323
"0",1.42789456353021,-5.03904927063354
"0",4.85690565290352,2.23896251813535
"0",-4.80735272471895,1.54953651026258
"0",1.94919465852471,2.86697512277743
"0",-2.62318485079112,4.75849094336217
"0",-4.61754105114462,-3.83945059528599
"0",-3.96109224847904,4.50283986140495
"0",1.49680958714615,-4.9660318490339
"0",3.0759295800969,5.61160029985934
"0",-0.622086238228419,4.13939816941655
"0",0.213656677536839,5.59846755106771
"0",7.01115128054443,-1.11988488630066
"0",-0.552017481981863,-5.41895947363661
"0",-1.91617953902402,4.3388384387563
"0",0.646599258386525,4.13111682445507
"0",-4.65921858096283,2.37624037034454
"0",-2.46589363836957,-5.85016692066286
"0",4.84902751871749,3.59956265952107
"0",-4.56577764187046,-4.83902712418968
"0",4.61996056881619,2.35307359755595
"0",2.30913788093262,2.05320254876681
"0",-5.00117653365422,3.73525778941579
"0",-2.47406879633003,5.55963841162541
"0",1.26616611239152,-3.83562078066882
"0",-0.536558618574426,-4.08785785574222
"0",3.58300256878185,-3.91246621823658
"0",-1.72510899323059,5.24161605836251
"0",5.46884661075426,-2.54382901813769
"0",-2.20410556688893,5.40498653041908
"0",4.51174077043025,-1.68857833350166
"0",3.8621906118634,4.29389068384582
"0",-3.54273629937702,5.05547860847849
"0",1.79819048982355,-3.49050641076511
"0",-0.211603303594717,-2.67828673187459
"0",-6.24467272486219,-0.525703578070408
"0",-1.46977368687953,-6.6703945511029
"0",-1.0422900109324,4.59564850927744
"0",-4.1262290864569,1.97708932715585
"0",2.76378913875542,3.03287629756687
"0",5.21572753831915,-0.00544280926115307
"0",-1.67480864577439,-3.96568455992665
"0",-4.08905192470514,-3.40249939318516
"0",5.23604839068366,0.973702827762571
"0",-5.02223309043664,1.99449023119708
"0",1.1885492402454,-3.52710620160678
"0",2.63946105403976,-2.12583932184969
"0",4.96257532724593,-0.312155131919061
"0",2.66079477376841,-4.77046417341918
"0",3.42400126647301,2.67918109672197
"0",4.98090943051617,0.612332082103447
"0",-0.886284780615317,-3.89458193272641
"0",-3.68064884670427,3.53230129626605
"0",1.14590291338553,-6.25323239210505
"0",2.15612660203667,4.33255002059331
"0",2.81648032108722,-4.09792711692206
"0",-4.2720328486569,-2.50799090943035
"0",5.26863895998623,0.4385157935084
"0",-1.25863550241601,-4.23825637574259
"0",-6.10842580091179,-5.26502500671047
"0",1.87342518472271,4.03337821460951
"0",4.89619932797672,0.646493695626208
"0",3.08763259490658,-5.44816514184102
"0",-4.69693221940846,2.25516193790309
"0",0.475359804084554,-5.18076947931674
"0",-4.38602145963668,0.843393690070875
"0",4.64885636147614,-3.31351071012655
"0",4.7051905540997,-0.222269939544121
"0",-3.49572997110927,3.48558646196707
"0",4.51776425999155,1.54200136358991
"0",-5.01800935303964,-3.08974610600518
"0",-0.599396188845798,5.16262576070731
"0",-3.62626929809185,3.83944998504338
"0",-0.775669270673257,5.39107861445519
"0",-2.01318402915007,5.37019239522498
"0",0.488420677626016,3.83457629568691
"0",-3.18876345097722,-2.8383706691918
"0",-4.32043991950353,3.82999724111616
"0",-2.18781390720523,-5.42620533541995
"0",-3.68931032611351,-5.16742578974226
"0",-2.14259585548254,1.5512516942972
"0",-3.399814596524,-4.85609136482023
"0",-4.57017337412873,2.99863451047991
"0",3.94165931807851,-2.34167947719167
"0",4.74398911034642,-2.37486422473248
"0",-2.86949374887569,-3.74999440621023
"0",-2.69737619350844,-3.50568529521216
"0",-3.2193557056974,4.26238973311003
"0",3.81753898604889,-2.99537971718765
"0",1.28708843297249,-4.48058260712701
"0",-2.65642575548411,3.63337943941179
"0",0.938937139915525,-3.05687144125216
"0",-1.56674853987194,-4.72804813293375
"0",-4.98926777364625,1.28727162770101
"0",3.2204045063577,2.46397273353331
"0",5.19742163297818,-1.91116230085188
"0",0.642367254052557,5.1597405402598
"0",1.92767530203123,4.49672174373817
"0",-4.5260941462419,2.78229729973677
"0",-4.89520015814995,-2.64300005132099
"0",-5.27792790011215,1.20490929472917
"0",3.30268935313407,-3.21211904110343
"0",2.17389999404124,5.34338613787132
"0",-1.07872750296966,-5.60114772528134
"0",-5.35034039748974,0.0749382432191213
"0",-4.85296052851604,-2.90984298433851
"0",1.65440947126869,-5.03439552443765
"0",5.34377261086295,-3.58723323606873
"0",2.39792683923037,4.89908321911038
"0",4.21874351412501,-2.01185123507154
"0",-5.78995761450812,-0.419020466851376
"0",-3.92763036312207,-0.95111265025358
"0",3.18163994677783,1.31476036209506
"0",3.3357794669947,-4.49364078235922
"0",-1.41026650379682,-4.08725731060844
"0",2.21027809973315,4.58779111234196
"0",4.59803861070685,2.76615302668809
"0",0.744894558212795,-7.21273675280348
"0",3.84439616789668,-1.3509932376131
"0",5.27459382011756,-1.68837594360707
"0",0.954862662474547,-4.49592888027211
"0",-2.2354252114774,-4.5735294732927
"0",1.48029667321081,4.07137635267863
"0",-3.89205114816794,-3.25931987822866
"0",-2.59101941756782,-2.01726439547211
"0",3.6769030962436,-2.39023564877842
"0",3.27629646739317,3.14368999719963
"0",-2.20589987065257,-4.30635782448917
"0",-2.78387036658986,-5.31258044539299
"0",-3.20672439734843,-4.45047593967368
"0",-2.85147356700259,-3.92975816538034
"0",4.00485880180373,2.3801458243574
"0",-6.1468442451445,1.25542181630544
"0",3.15345321419973,-3.94811299929641
"0",1.33842902943573,-6.74496444498066
"0",-3.11146752208078,-3.27771895165362
"0",4.73804284961603,1.45417769028969
"0",-1.42633604232969,4.18020582597639
"0",-2.69427598808302,-1.94743202481305
"0",-3.88496921810572,-2.90234781137308
"0",-3.44999502632045,-0.444675976999401
"0",3.16573658845282,-3.87411373553312
"0",1.87040102402206,-5.99722195089451
"0",5.159406781133,3.1147789203557
"0",-2.60067693048894,4.06413967734244
"0",-4.52134363438692,-0.811448572021371
"0",-2.93569504941481,-3.0360670336857
"0",5.93522957559149,-1.43066851360154
"0",4.03392140490035,-0.666673813776715
"0",-4.17268853600676,1.74161124473526
"0",-3.69628429598958,-1.01483621946323
"0",0.531167204251316,-5.15831691085673
"0",1.17521229179719,-4.35437619921288
"0",1.90102981867257,3.71806597204251
"0",2.17455060271278,-4.7898424239154
"0",-5.54895720071018,-1.16301259277894
"0",-0.0313774161890199,-4.7362803859591
"0",-2.76777865603884,4.74258777700754
"0",0.702361167593661,-4.90129477742632
"0",-5.46456532716145,1.39100611906054
"0",-3.70930608447264,3.52164469208391
"0",0.423222941038102,-4.68776603603562
"0",3.32880222242416,0.177500262499095
"0",2.341652094766,3.42340554445567
"0",1.06765085088121,-3.99653735165499
"0",-6.055309003081,0.946316977965836
"0",-4.26748250989637,2.61464283152886
"0",2.47914514740078,2.42978991511875
"0",-2.78096943251558,-2.07208074632067
"0",-0.643688423784604,-4.75153774905379
"0",-4.0722994228633,-3.30824541564203
"0",3.58970631129889,5.19386931420999
"0",2.03504368312815,0.152451417492935
"0",1.98209850021586,4.59497231123956
"0",-5.04929228552293,0.403308466817006
"0",3.2907700851071,4.85727950216822
"0",1.4093100285079,-3.99905087881608
"0",5.3860556043795,-0.00358380049986048
"0",-0.880560205284687,5.59300198022381
"0",-3.84232309889564,-0.441899923670582
"0",3.36671423066776,3.48483464225101
"0",4.77528393656072,0.765917763006268
"0",-5.12002876372591,-1.3730266447201
"0",-3.48417026542885,-2.48900452910989
"0",-4.67350937190611,0.905290770245723
"0",3.94857168774942,2.49638837476299
"0",2.93524850846335,-1.89217338723674
"0",-5.34714883641171,2.7641980881645
"0",-2.13422758714071,5.25399755873643
"0",2.6122517151974,-3.94325038577971
"0",2.12012982630552,4.24037429891733
"0",-2.8071018307736,3.80612947887346
"0",-3.63664916160973,-2.129753693892
"0",4.98203032698485,2.53667775785877
"0",4.64265843473702,1.2240377721761
"0",3.35677430054372,-3.01317084045959
"0",-2.20937815099473,5.76329218268962
"0",4.90189248666849,-1.22574968637194
"0",-2.62297070500333,3.8981840119107
"0",-1.84496057860718,1.92971627233698
"0",-6.0446469886601,2.19738646468758
"0",-4.5508864218175,3.59008943778884
"0",-4.22724890079015,2.95026558228494
"0",0.261483458088195,6.13388392705346
"0",-3.59782085906329,-0.406157145272933
"0",2.35376832832768,1.58949173165132
"0",-2.36348969573302,2.37348691597706
"0",-4.62982824529113,-1.16234630505253
"0",3.37271819169573,-0.680689678977651
"0",-2.66529252577249,4.38755623038411
"0",-3.84970151273618,3.46496774701742
"0",4.23885178906774,-3.40721026382648
"0",-4.39055066472311,0.460913741267978
"0",-2.8399807197014,-1.62540476892395
"0",-2.95092760986153,4.99193952974484
"0",3.15865445140774,-4.32713579232682
"0",3.99385627513004,1.67194890476685
"0",0.546199399095618,-3.32655746153613
"0",-3.55782261682377,-4.8859859546234
"0",4.85166853182704,0.726820610334855
"0",1.25751892450485,-4.23410142680332
"0",4.30971481831712,3.04192927646214
"0",5.22412482078556,-2.88321929136306
"0",-0.887965762884816,3.5534858241783
"0",-1.09242949241271,4.36827332072305
"0",-2.6982743877137,-3.77938951862573
"0",1.7895972596475,-3.80159160272521
"0",2.93643301161727,-4.68832616091441
"0",-4.06483038194444,-2.29734157867872
"0",-4.8073703810316,0.194894839482405
"0",-2.23826974947982,4.41202214319156
"0",-5.56644710727793,1.91231220041607
"0",-2.82770449182339,3.44884078166392
"0",0.837321211543753,-3.46418822502239
"0",-1.2585925400461,4.24053846202822
"0",-4.09513615254168,2.67513490163204
"0",7.127685024528,0.00720181170372795
"0",3.7033964176138,-5.03508721048566
"0",-4.39443303462539,-0.832719525315898
"0",-1.33069872023058,-3.52763702099339
"0",1.80947219998245,-6.11353650801942
"0",-2.1337157432655,3.6437397923855
"0",-4.65232586134412,3.90339894926317
"0",-0.0660233085161963,-2.32467594384122
"0",-4.00957888898017,2.98321644753156
"0",5.04634701769122,1.05339047766586
"0",-4.28338927063165,-1.49906136177414
"0",3.43970506333294,3.73411756889059
"0",3.67950343587154,-0.604353088853711
"0",1.83817619701559,3.79262132302661
"0",-2.9035594855601,-4.83712955095233
"0",-3.1351189428198,-1.33238762602932
"0",-2.18387447170744,3.21522925115834
"0",2.66588092155874,4.00362104757688
"0",-4.59474771066475,2.84555231120172
